year,place,times mentioned
19391,London,2
19391,Perić,3
19391,thatta,28
19391,paris,1
19391,Bagan,1
19391,"Puhar, Mayiladuthurai",2
19391,prom,30
19391,buddhadasa,1
19391,amravati,1
19391,mactan,1
19391,thangam,3
19391,Manipur,1
19391,Palembang,1
19391,Lake Tahoe,1
19391,lindi,1
19391,Beihai,1
19391,Bawbawgyi Pagoda,1
19391,Kolkata,1
19391,Lahore,1
19391,Junagadh,1
19391,María Luisa Bombal,2
19391,lucknow,1
19391,Mathura,1
19391,Chunar,1
19391,mali,3
19391,yogyakarta,2
19391,Prambanan,1
19391,Borobudur,1
19391,warsaw,3
19391,Thiruvananthapuram,1
19391,Zurich,1
19391,hari,1
19391,ranch,1
19391,Berlin,1
19391,Leiden,1
19391,Myanmar,48
19391,india,39
19391,china,12
19391,Japan,1
19391,Sri Lanka,3
19391,refugee,1
19391,Thailand,1
19391,Cambodia,2
19391,Lower Myanmar,1
19391,African National Congress,1
19391,Indonesia,1
19391,Singapore,2
19391,Australia,1
19391,New Zealand,1
19391,philippines,2
19391,Brussels,1
19391,Afghanistan,1
19391,Serindia,1
19391,Upper Myanmar,2
19391,Shin Sawbu,1
19391,Dvaravati,7
19391,Bodh Gaya,1
19391,Naga people,5
19391,South India,1
19391,bihar,2
19391,Bengal,4
19391,tibet,1
19391,Kedah,1
19391,dvaravati,3
19391,magadan,1
19391,Operation Red Wings,1
19391,Vindhya Range,1
19391,Godavari River,1
19391,asia,1
19391,Cathan,1
19391,Kingdom of Amber,1
19391,Málaga,1
19391,Java,1
19391,japan,1
1940,London,3
1940,Kabul,8
1940,Perić,4
1940,Jalalabad,1
1940,Ghorband District,3
1940,Sistan,1
1940,Palembang,19
1940,nigeria,1
1940,Phatthalung,1
1940,Mergers and acquisitions,2
1940,mali,3
1940,srisailam,1
1940,kataba,1
1940,laos,1
1940,thangam,1
1940,Battle of Takkolam,1
1940,Oxford,1
1940,Vidisha,2
1940,Kundina,9
1940,María Luisa Bombal,2
1940,hari,2
1940,Pattinam,1
1940,"Puhar, Mayiladuthurai",1
1940,potenza,1
1940,Leiden,4
1940,Corinthia,1
1940,Padang,1
1940,Buttocks,1
1940,Guwahati,1
1940,amravati,5
1940,Amsterdam,3
1940,yogyakarta,2
1940,Shantiniketan,5
1940,Primate city,1
1940,Tokyo,1
1940,Berlin,1
1940,Baltimore,1
1940,babylonia,1
1940,Amarna,1
1940,Tarḫuntaradu,1
1940,cambridge,1
1940,Mathura,12
1940,"Kabul, Israel",1
1940,Bagram,1
1940,lucknow,1
1940,Baladeva Vidyabhushana,1
1940,patna,1
1940,Badami,1
1940,geelong,1
1940,jessop,1
1940,Mahasthangarh,1
1940,Ho Chi Minh City,1
1940,Dhaka,1
1940,Chittagong,1
1940,Surakarta,2
1940,Yangon,1
1940,home,1
1940,Munich,1
1940,india,100
1940,china,10
1940,Japan,1
1940,Afghanistan,5
1940,malaysia,1
1940,Indonesia,5
1940,Singapore,1
1940,France,1
1940,Myanmar,11
1940,Sri Lanka,3
1940,Cambodia,21
1940,Thailand,4
1940,Federation of Malaya,1
1940,Province,1
1940,ISBN,1
1940,Egypt,2
1940,green,1
1940,United States,7
1940,Indonesia,2
1940,Sumatra,9
1940,Kedah,18
1940,kelantan,3
1940,Chi Tu,2
1940,Kelantan,2
1940,Baiyue,1
1940,Java,5
1940,Mount Muria,1
1940,Andhra Pradesh,5
1940,mindanao,1
1940,Mindanao,1
1940,Sulawesi,1
1940,Perak,3
1940,Vasishtha dynasty,1
1940,ireland,1
1940,Jambudvīpa,1
1940,katana,9
1940,Sinhalese people,3
1940,Temptation Island India,2
1940,land,1
1940,Vidarbha,3
1940,somadeva,1
1940,Maratha clan system,1
1940,japan,1
1940,Bengal,11
1940,bihar,2
1940,odisha,1
1940,Maratha Confederacy,1
1940,West Sumatra,1
1940,asia,1
1940,Pararaton,1
1940,Málaga,1
1940,balochistan,1
1940,2021–22 European windstorm season,1
1940,Hittites,37
1940,Mesopotamia,1
1940,Akkadō,1
1940,Indo-Aryan languages,1
1940,Thou,1
1940,Ajanta Caves,1
1940,Nagarjunakonda,1
1940,Gandhara,1
1940,Chola Empire,1
1940,Barabar Caves,1
1940,Dhauli,1
1940,Govindapala,1
1940,Bikrampur,1
1940,Satavahana dynasty,1
1940,johor,2
1942(2),London,36
1942(2),Perić,34
1942(2),thatta,9
1942(2),Nyaung-U,1
1942(2),prom,11
1942(2),babylonia,3
1942(2),Vidisha,2
1942(2),patna,1
1942(2),panama,1
1942(2),del,2
1942(2),cambridge,4
1942(2),Loulan Kingdom,1
1942(2),cide,1
1942(2),Thiruvananthapuram,2
1942(2),istanbul,1
1942(2),Banjarnegara,1
1942(2),Surakarta,1
1942(2),Semarang,1
1942(2),hari,7
1942(2),Luang Prabang,1
1942(2),laos,3
1942(2),Tirupati,1
1942(2),Pudukkottai,1
1942(2),hotan,4
1942(2),kuchak,10
1942(2),Kabul,3
1942(2),Mathura,1
1942(2),Berlin,5
1942(2),Gaochang,3
1942(2),Gansu,1
1942(2),Leipzig,4
1942(2),kyzyl,2
1942(2),Tokyo,5
1942(2),Shanghai,1
1942(2),Oxford,4
1942(2),Karachays,3
1942(2),vidisha,1
1942(2),oslo,1
1942(2),Saint Petersburg,2
1942(2),Urination,3
1942(2),Heidelberg,1
1942(2),Leuven,1
1942(2),home,3
1942(2),johol,1
1942(2),Bagan,1
1942(2),Bangkok,8
1942(2),Lopburi,5
1942(2),Sukhothai Kingdom,2
1942(2),amravati,5
1942(2),Bhitargaon,1
1942(2),Ho Chi Minh City,1
1942(2),Phnom Penh,5
1942(2),"Sirpur, Mahasamund",1
1942(2),thangam,5
1942(2),Champapuri,1
1942(2),Badami,1
1942(2),palmyra,1
1942(2),Prambanan,4
1942(2),leiden,1
1942(2),Mojokerto,1
1942(2),surakarta,1
1942(2),Borobudur,9
1942(2),Amsterdam,1
1942(2),Stutterheim,3
1942(2),mali,6
1942(2),Leiden,5
1942(2),Lanka,1
1942(2),The Hague,1
1942(2),Vadodara,1
1942(2),West Kalimantan,1
1942(2),Palembang,5
1942(2),San Francisco,1
1942(2),Murshidabad,1
1942(2),anuradhapura,1
1942(2),kandy,1
1942(2),Anuradhapura,1
1942(2),Polonnaruwa,1
1942(2),"Kalida, Ohio",1
1942(2),Baghdad,1
1942(2),María Luisa Bombal,2
1942(2),india,62
1942(2),china,13
1942(2),Japan,5
1942(2),Indonesia,6
1942(2),Myanmar,50
1942(2),United States,1
1942(2),Sri Lanka,8
1942(2),Thailand,11
1942(2),spain,2
1942(2),Brussels,1
1942(2),Cambodia,20
1942(2),haiti,2
1942(2),Afghanistan,2
1942(2),France,2
1942(2),xinjiang,1
1942(2),Names of China,1
1942(2),Egypt,1
1942(2),Neytal,1
1942(2),italy,1
1942(2),Netherlands,3
1942(2),malaysia,2
1942(2),New Zealand,1
1942(2),ISBN,1
1942(2),Serindia,2
1942(2),Malay Archipelago,1
1942(2),Melayu Kingdom,1
1942(2),Upper Myanmar,3
1942(2),Bodh Gaya,2
1942(2),Bengal,18
1942(2),black,1
1942(2),oceania,2
1942(2),Polynesia,1
1942(2),island,1
1942(2),Turkestan,6
1942(2),Sumatra,5
1942(2),Hittites,1
1942(2),kutai,1
1942(2),Lamongan Regency,1
1942(2),Chola Empire,2
1942(2),Srivijaya,4
1942(2),Java,1
1942(2),Buddhahood,2
1942(2),Fondukistan monastery,1
1942(2),Gandhara,1
1942(2),Kharosthi,3
1942(2),Ajanta Caves,3
1942(2),Western India,1
1942(2),tibet,8
1942(2),Kálmán,1
1942(2),Manchuria,1
1942(2),amarapura,1
1942(2),Dvaravati,7
1942(2),East Asia,1
1942(2),Central Thailand,1
1942(2),Northern Thailand,1
1942(2),Yunnan,1
1942(2),funan,1
1942(2),Kalinga (Mahabharata),1
1942(2),japan,1
1942(2),Majapahit,1
1942(2),East Java,1
1942(2),Holland,2
1942(2),minchin,1
1942(2),Wayans family,1
1942(2),Myth,1
1942(2),Hawaii,1
1942(2),East Kalimantan,1
1942(2),sumatra,2
1942(2),Kelantan,1
1942(2),Málaga,1
1942(2),Kedah,5
1942(2),Perak,7
1942(2),johor,1
1942(2),Andhra Pradesh,3
1942(2),Northwestern Europe,1
1942(2),Dardic languages,1
1942(2),Chota Nagpur Plateau,1
1934-35,mali,15
1934-35,home,12
1934-35,Elefsina,1
1934-35,Damascus,3
1934-35,Antioch,1
1934-35,Tyana,1
1934-35,faiyum,1
1934-35,babylonia,1
1934-35,messina,1
1934-35,Khuzestan province,1
1934-35,Asyut,1
1934-35,alexandra,2
1934-35,Roman Empire,2
1934-35,yogyakarta,2
1934-35,Prambanan,1
1934-35,cairo,1
1934-35,latakia,1
1934-35,Palembang,21
1934-35,Borobudur,11
1934-35,Nalanda mahavihara,2
1934-35,thangam,5
1934-35,thatcham,1
1934-35,amravati,14
1934-35,prom,2
1934-35,Leipzig,1
1934-35,Vengi,1
1934-35,Bezwada Wilson,1
1934-35,London,14
1934-35,Ratnagiri,1
1934-35,Mahasthangarh,1
1934-35,"Marayong, New South Wales",1
1934-35,lusaka,1
1934-35,Parama,1
1934-35,kalmar,1
1934-35,Medina,1
1934-35,llama,2
1934-35,Budur,3
1934-35,bhara,4
1934-35,Stutterheim,4
1934-35,Berlin,6
1934-35,leiden,1
1934-35,kangal,1
1934-35,Surakarta,3
1934-35,8th arrondissement of Paris,1
1934-35,Zabukh,2
1934-35,San Francisco,2
1934-35,Jambi,4
1934-35,Vyadhapura,1
1934-35,Thanjavur,1
1934-35,Kanyakumari,1
1934-35,nelamangala,1
1934-35,"Jelutong, Penang",2
1934-35,samantha,1
1934-35,barus,1
1934-35,Bhāskara II,1
1934-35,sanya,3
1934-35,Las Vegas,1
1934-35,sinaloa,1
1934-35,Munich,3
1934-35,hamburger,1
1934-35,Gwalior,1
1934-35,Padma River,1
1934-35,madhyamaka,1
1934-35,"Fukue, Nagasaki",1
1934-35,Baghdad,1
1934-35,Saint Petersburg,1
1934-35,Batang Hari River,1
1934-35,South Sumatra,1
1934-35,Krabi,1
1934-35,Fót,1
1934-35,Tokyo,3
1934-35,Urination,5
1934-35,sivrice,1
1934-35,Jaipur,1
1934-35,makara,1
1934-35,Kolkata,1
1934-35,Pinara,1
1934-35,anarta,1
1934-35,warmia,1
1934-35,yan'an,1
1934-35,taniyama,4
1934-35,Miila,1
1934-35,Nirmand,1
1934-35,Kanchipuram,1
1934-35,rome,1
1934-35,Dhankar Gompa,1
1934-35,trashigang,2
1934-35,Bogotá,1
1934-35,Tholing,1
1934-35,sangra,1
1934-35,danapur,1
1934-35,Vadodara,1
1934-35,hari,7
1934-35,María Luisa Bombal,2
1934-35,Perić,9
1934-35,Lanka,5
1934-35,polonnaruwa,1
1934-35,Anuradhapura,1
1934-35,Capital of Sri Lanka,2
1934-35,galboda,1
1934-35,damila,1
1934-35,amaravati,1
1934-35,Bangkok,1
1934-35,Mathura,3
1934-35,khai,1
1934-35,Mojokerto,1
1934-35,introd,1
1934-35,War,1
1934-35,Kediri kingdom,2
1934-35,Pangeran Ratu Winata Kusuma of Sambas,3
1934-35,nadar,1
1934-35,Lebanon,1
1934-35,anyang,1
1934-35,ndala,1
1934-35,pagoh,1
1934-35,Darjeeling,1
1934-35,Utrecht,1
1934-35,Amsterdam,5
1934-35,Athens,2
1934-35,car,2
1934-35,village,1
1934-35,Indonesia,22
1934-35,china,74
1934-35,Japan,5
1934-35,india,113
1934-35,Egypt,5
1934-35,green,3
1934-35,ISBN,3
1934-35,malaysia,5
1934-35,Singapore,4
1934-35,Cambodia,21
1934-35,oman,2
1934-35,Myanmar,6
1934-35,Thailand,5
1934-35,rwanda,1
1934-35,Mongolia,2
1934-35,New Zealand,1
1934-35,Sri Lanka,7
1934-35,United Kingdom,1
1934-35,chile,1
1934-35,uganda,1
1934-35,Netherlands,1
1934-35,italy,3
1934-35,namibia,1
1934-35,Neytal,3
1934-35,Afghanistan,2
1934-35,Vijayabahu I,1
1934-35,Manavanna of Anuradhapura,3
1934-35,cambodia,1
1934-35,First Indochina War,1
1934-35,tonga,1
1934-35,Soviet Union,1
1934-35,France,2
1934-35,FIFA,1
1934-35,ISBN,7
1934-35,Namibia,1
1934-35,Indonesia,1
1934-35,Sumatra,45
1934-35,Chola Empire,22
1934-35,Serindia,4
1934-35,Insulin,2
1934-35,Bengal,20
1934-35,campania,1
1934-35,japan,4
1934-35,Special Region of Yogyakarta,1
1934-35,Srivijaya,18
1934-35,tonkin,1
1934-35,Zabag (ancient territory),2
1934-35,Arabs,1
1934-35,melanesia,1
1934-35,island,1
1934-35,South India,2
1934-35,Osten,1
1934-35,Andhra Pradesh,1
1934-35,Mahendravarman I,2
1934-35,jangal,1
1934-35,Indonesian Army,1
1934-35,Sravana Bhargavi,1
1934-35,tibet,27
1934-35,Garia,1
1934-35,Lopan,1
1934-35,ramayana,1
1934-35,"Veerabhadra Temple, Lepakshi",1
1934-35,Java,7
1934-35,bihar,2
1934-35,sumatra,2
1934-35,odisha,6
1934-35,Kunlun (mythology),2
1934-35,Kambojas,1
1934-35,Koh Ker,1
1934-35,katana,1
1934-35,Kedah,7
1934-35,South-East Asia campaign of Rajendra I,1
1934-35,johor,1
1934-35,Johor,1
1934-35,Lambri,1
1934-35,List of Indian state and union territory name etymologies,1
1934-35,Rajendra I,1
1934-35,Adara language,1
1934-35,Bali Ram,1
1934-35,ace,1
1934-35,Málaga,2
1934-35,Vasishtha dynasty,1
1934-35,Nirvana,3
1934-35,Yonan County,1
1934-35,Hoysala Kingdom,1
1934-35,Turkestan,1
1934-35,Zodiac,1
1934-35,Kelantan,1
1934-35,List of places in Hong Kong,2
1934-35,sumer,4
1934-35,Barabar Caves,1
1934-35,Makara,3
1934-35,Ajanta Caves,2
1934-35,makar,3
1934-35,Odisha,1
1934-35,Polynesia,1
1934-35,ball,1
1934-35,Nederland 24,1
1934-35,Provisional Irish Republican Army,1
1934-35,tanjong,1
1934-35,Perak,3
1934-35,Sulawesi,4
1934-35,Tsaparang,1
1934-35,Padmaavat,2
1934-35,Gandhara,3
1934-35,nanjing,1
1934-35,Illinois,1
1934-35,thor,1
1934-35,Hittites,1
1934-35,Buddhahood,2
1934-35,North India,1
1934-35,Territories of Majapahit,1
1934-35,fang,2
1934-35,kerala,4
1934-35,Vithoba,1
1934-35,utah,1
1934-35,sarangani,1
1934-35,"Sarukhan, Bey of Magnesia",1
1934-35,kannada,1
1934-35,Portages of New Zealand,1
1934-35,wadi,1
1934-35,Holland,1
1934-35,Malay Archipelago,1
1934-35,Jutland,1
1934-35,brooklyn,1
1934-35,salinan,1
1943(2),Varanasi,1
1943(2),Shravasti,1
1943(2),Roman Empire,2
1943(2),Kashgar,1
1943(2),Baghdad,2
1943(2),Dhaka,3
1943(2),samantha,1
1943(2),Byzantine Empire,1
1943(2),Sukhothai Kingdom,9
1943(2),cambridge,7
1943(2),Borobudur,2
1943(2),Prambanan,1
1943(2),Palembang,1
1943(2),Tokyo,12
1943(2),Perić,57
1943(2),Kunduz,1
1943(2),Kabul,12
1943(2),Boston,2
1943(2),Leipzig,11
1943(2),Vadodara,1
1943(2),laos,2
1943(2),Zeist,1
1943(2),mali,3
1943(2),Leiden,3
1943(2),hari,7
1943(2),Hanoi,1
1943(2),leiden,4
1943(2),del,8
1943(2),London,20
1943(2),patna,1
1943(2),Bangkok,3
1943(2),Berlin,6
1943(2),Paris,1
1943(2),Sistan,6
1943(2),Oxford,4
1943(2),Heidelberg,1
1943(2),Shanghai,1
1943(2),"Wajima, Ishikawa",1
1943(2),Kyoto,1
1943(2),Saint Petersburg,2
1943(2),rome,1
1943(2),Yangon,1
1943(2),strasbourg,1
1943(2),Phnom Penh,1
1943(2),Ho Chi Minh City,1
1943(2),Lahore,1
1943(2),thangam,1
1943(2),The Hague,3
1943(2),Stutterheim,2
1943(2),Padang,1
1943(2),Amsterdam,1
1943(2),Surakarta,1
1943(2),amravati,7
1943(2),Guntur,1
1943(2),Kolkata,2
1943(2),Jaggayyapeta,2
1943(2),babylonia,2
1943(2),"Thebes, Greece",1
1943(2),María Luisa Bombal,4
1943(2),bali,1
1943(2),Ramatha,2
1943(2),Tusara,3
1943(2),kuchak,2
1943(2),kuchar,1
1943(2),syama,2
1943(2),jalandhar,1
1943(2),Cantù,1
1943(2),sindh,1
1943(2),Tulapur,1
1943(2),Indo people,4
1943(2),ujjain,2
1943(2),Kandahar,1
1943(2),kuala,1
1943(2),guyana,1
1943(2),Kannauj,2
1943(2),Pataliputra,3
1943(2),guntur,1
1943(2),karnataka,1
1943(2),Angkor,1
1943(2),Udayadityavarman II,3
1943(2),thatta,1
1943(2),Lopburi,2
1943(2),Huliyurdurga,1
1943(2),prom,3
1943(2),Rajshahi,1
1943(2),Jaipur,1
1943(2),Navsari,1
1943(2),Shantiniketan,1
1943(2),india,159
1943(2),Japan,4
1943(2),china,52
1943(2),ISBN,3
1943(2),palau,1
1943(2),Cambodia,8
1943(2),Thailand,5
1943(2),Myanmar,18
1943(2),Mongolia,2
1943(2),Indonesia,3
1943(2),Afghanistan,6
1943(2),malaysia,4
1943(2),Sri Lanka,3
1943(2),afghanistan,2
1943(2),France,1
1943(2),cambodia,1
1943(2),Singapore,1
1943(2),Brussels,5
1943(2),Buc-ee's,1
1943(2),Uttarakuru,5
1943(2),Ethiopians,1
1943(2),Colony,1
1943(2),nepal,1
1943(2),plant,1
1943(2),Thailand,1
1943(2),ISBN,8
1943(2),Man,1
1943(2),Nirvana,7
1943(2),Sravana Bhargavi,1
1943(2),Bodh Gaya,2
1943(2),canada,2
1943(2),Kosala (Mahajanapada),1
1943(2),South India,1
1943(2),Jambudvīpa,1
1943(2),Western India,1
1943(2),Kekaya,1
1943(2),Solid-state battery,1
1943(2),gang,4
1943(2),Chao Phraya River,1
1943(2),tibet,15
1943(2),Serindia,3
1943(2),Manchuria,1
1943(2),oceania,1
1943(2),Socotra,1
1943(2),bacteria,5
1943(2),Tōhoku region,1
1943(2),Sumatra,1
1943(2),asia,3
1943(2),island,1
1943(2),Turkestan,6
1943(2),Bezeklik Caves,1
1943(2),Holstein,1
1943(2),bihar,1
1943(2),Tsaparang,1
1943(2),Illinois,1
1943(2),Myth,1
1943(2),Java,1
1943(2),Ajanta Caves,1
1943(2),Makara,1
1943(2),Barabar Caves,1
1943(2),Rajputana,1
1943(2),Malay Archipelago,1
1943(2),Indiaporã,1
1943(2),mekong,2
1943(2),ramayana,1
1943(2),Daradas,4
1943(2),Kirata,1
1943(2),Chinas,1
1943(2),kalakla,1
1943(2),Drangiana,3
1943(2),Scythians,2
1943(2),parthia,1
1943(2),Margiana,1
1943(2),Gandhara,2
1943(2),Yehud Medinata,1
1943(2),Shakdvipa,1
1943(2),kerala,1
1943(2),Nelson Mandela,1
1943(2),Yarkant County,1
1943(2),sumatra,1
1943(2),Kathiawar,1
1943(2),Oddiyana,1
1943(2),Badakhshan,2
1943(2),Uchchhakalpa dynasty,1
1943(2),Mihirakula,1
1943(2),kolkata,1
1943(2),Family tree of Khmer Varman monarchs,1
1943(2),Bengal,11
1943(2),North Bihar,1
1943(2),Andhra Pradesh,2
1943(2),Gopala I,1
1945,Amsterdam,3
1945,Lahore,5
1945,del,9
1945,Mathura,9
1945,"Kurihara, Miyagi",1
1945,Shravasti,1
1945,leiden,4
1945,Shantiniketan,1
1945,London,16
1945,Perić,19
1945,Amersfoort,1
1945,charsadda,1
1945,Fatehpur Sikri,1
1945,Vidisha,1
1945,Old Delhi,1
1945,Chennai,1
1945,median,1
1945,mecca,1
1945,Najran,1
1945,Damascus,1
1945,seville,1
1945,Bukhara,1
1945,nigeria,1
1945,Jodhpur,3
1945,Ujjain,1
1945,thanesar,1
1945,"Pain, Kerman",1
1945,belarus,1
1945,Prayagraj,1
1945,Golconda,1
1945,Dwaraka Tirumala,1
1945,madrid,1
1945,Jaipur,1
1945,mathura,1
1945,Qadiriyya,1
1945,Vadodara,1
1945,korkai,3
1945,Battle of Stalingrad,1
1945,Tokyo,1
1945,dunhuang,1
1945,Thanjavur,1
1945,leh,1
1945,Baghdad,1
1945,kochi,1
1945,Byzantine Empire,1
1945,Mazandaran province,1
1945,Kashan,1
1945,Smolensk,1
1945,Moscow,15
1945,Kabul,3
1945,Saint Petersburg,66
1945,Astrakhan,8
1945,Armenia,1
1945,baku,1
1945,"St. Petersburg, Florida",3
1945,Berlin,8
1945,Oxford,1
1945,kazan,5
1945,oxford,1
1945,Petrópolis,1
1945,Urination,9
1945,kozani,1
1945,Leipzig,1
1945,london,1
1945,golconda,1
1945,Darjeeling,1
1945,Borobudur,1
1945,aston,2
1945,Ürümqi,1
1945,kuchak,1
1945,home,1
1945,bon,4
1945,Munich,1
1945,Dangia,1
1945,Pernod Ricard,1
1945,María Luisa Bombal,1
1945,Shanghai,1
1945,cambridge,1
1945,kharkiv,3
1945,praise,1
1945,Mainamati,13
1945,"Rohtas Fort, India",1
1945,hari,1
1945,thangam,1
1945,Jalalabad,1
1945,Leiden,1
1945,india,112
1945,Netherlands,4
1945,indonesia,1
1945,Switzerland,1
1945,Afghanistan,7
1945,nubia,1
1945,iran,1
1945,spain,2
1945,Syrians,3
1945,Egypt,1
1945,Morocco,1
1945,ISBN,3
1945,Singapore,3
1945,china,19
1945,Indonesia,1
1945,Mexico,1
1945,tonga,1
1945,Soviet Union,4
1945,Russia,25
1945,Mongolia,7
1945,England,7
1945,Germany,2
1945,mongolia,1
1945,Sri Lanka,2
1945,Myanmar,3
1945,France,5
1945,estonia,1
1945,Japan,4
1945,Inner Mongolia,1
1945,Uzbekistan,1
1945,Turkmenistan,1
1945,afghanistan,3
1945,Neytal,3
1945,Turkey,1
1945,Cambodia,2
1945,United States,1
1945,ISBN,9
1945,Holland,5
1945,Illinois,1
1945,Las Bela (princely state),1
1945,balochistan,1
1945,gang,1
1945,vidura,1
1945,East Kalimantan,1
1945,Islamic state,1
1945,Hindustan,1
1945,Dharma,10
1945,Arabs,2
1945,Turkestan,10
1945,hindustan,2
1945,Bajaj Hindusthan,1
1945,Gujarat,6
1945,Bengal,10
1945,marwar,1
1945,Kingdom of Marwar,1
1945,Dewan,1
1945,Nirvana,2
1945,humayun,1
1945,Hindus,1
1945,vaidya,1
1945,Málaga,10
1945,Sumatra,4
1945,Samudera Pasai Sultanate,1
1945,Sirumalai,2
1945,South India,1
1945,General anaesthesia,1
1945,polynesia,1
1945,Pala Empire,1
1945,island,2
1945,Thomas More,1
1945,tibet,15
1945,ormus,1
1945,hindus,1
1945,Ajanta Caves,3
1945,Holstein,1
1945,Bezeklik Caves,1
1945,simsim,1
1945,Fyodor Shcherbatskoy,1
1945,testacea,1
1945,Saint Petersburg–Moscow railway,1
1945,Khwarazm,1
1945,canada,1
1945,Comilla District,1
1945,Great Britain,1
1945,elm,1
1945,Navajo,1
1945,Chota Nagpur Plateau,1
1945,Seleucid Empire,1
1945,bacteria,1
1945,Sravana Bhargavi,1
1945,Collège-Lycée La Réussite,1
1945,Malay Archipelago,1
1944(2),Perić,5
1944(2),London,14
1944(2),Budapest,3
1944(2),Dresden,1
1944(2),Leipzig,1
1944(2),Oxford,3
1944(2),Lahore,1
1944(2),Jammu,1
1944(2),kuchak,3
1944(2),Mahaban,1
1944(2),Urination,1
1944(2),Kashgar,1
1944(2),Samarkand,1
1944(2),Sistan,1
1944(2),Kabul,8
1944(2),Srinagar,1
1944(2),Gözde Kansu,1
1944(2),Stuttgart,1
1944(2),María Luisa Bombal,2
1944(2),Indo people,3
1944(2),Parihaspore,1
1944(2),Leiden,2
1944(2),nagapattinam,3
1944(2),Aletty,2
1944(2),Nagapattinam,1
1944(2),polonnaruwa,3
1944(2),Lanka,1
1944(2),"Puhar, Mayiladuthurai",2
1944(2),jaffa,1
1944(2),Varnu,1
1944(2),chitral,1
1944(2),Peshawar,1
1944(2),Taxila,1
1944(2),Balkh,3
1944(2),Gundeshapur,1
1944(2),mukhtar,1
1944(2),Mansur,1
1944(2),Baghdad,1
1944(2),Chishti Order,1
1944(2),Loulan Kingdom,12
1944(2),granard,4
1944(2),"Yakima, Washington",1
1944(2),Phocaea,1
1944(2),komara,3
1944(2),Kōriyama,1
1944(2),hotan,1
1944(2),Gansu,1
1944(2),"Jerge-Tal, Osh",1
1944(2),kusuma,1
1944(2),panadura,1
1944(2),Saṃsāra,2
1944(2),ziarat,1
1944(2),havana,1
1944(2),moss,1
1944(2),Kunduz Province,1
1944(2),Veerampattinam,9
1944(2),hari,1
1944(2),Hyderabad State,1
1944(2),del,1
1944(2),cambridge,1
1944(2),Tosali,1
1944(2),Vellalur,2
1944(2),Bogampatti,1
1944(2),Tamralipta,7
1944(2),china,12
1944(2),Japan,4
1944(2),india,54
1944(2),Hungary,1
1944(2),ISBN,5
1944(2),Germany,1
1944(2),England,2
1944(2),Afghanistan,1
1944(2),iran,2
1944(2),Sri Lanka,8
1944(2),Myanmar,1
1944(2),Thailand,1
1944(2),Cambodia,2
1944(2),vanuatu,1
1944(2),Syrians,2
1944(2),Egypt,1
1944(2),Mongolia,2
1944(2),ISBN,12
1944(2),Serindia,8
1944(2),Malay Archipelago,2
1944(2),korea,1
1944(2),Oddiyana,1
1944(2),Turkestan,25
1944(2),Kharosthi,6
1944(2),tibet,13
1944(2),balochistan,2
1944(2),makran,2
1944(2),Ghaggar-Hakra River,2
1944(2),Waziristan,2
1944(2),Khyber Pakhtunkhwa,1
1944(2),Las Bela (princely state),1
1944(2),Northwestern Europe,1
1944(2),Western India,1
1944(2),island,1
1944(2),Bengal,2
1944(2),Bihar,1
1944(2),bacteria,1
1944(2),Srivijaya,1
1944(2),Kedah,2
1944(2),Dieng Plateau,1
1944(2),Nusantara (term),1
1944(2),kuala,4
1944(2),Gomati district,2
1944(2),Soan River,1
1944(2),Siege of Malakand,1
1944(2),Gandhara,1
1944(2),Sufism,3
1944(2),Sindh,1
1944(2),transoxiana,1
1944(2),Nirvana,1
1944(2),Mesopotamia,1
1944(2),ulm,1
1944(2),Arabs,4
1944(2),Hindustan,1
1944(2),Lal Bahadur Shastri,1
1944(2),U.S. state,1
1944(2),bit,1
1944(2),Mainland Southeast Asia,1
1944(2),Jakuba Katalpa,2
1944(2),East Turkestan,1
1944(2),Avans University of Applied Sciences,1
1944(2),phoca,1
1944(2),vacuole,1
1944(2),List of United States representatives from New York,1
1944(2),bactria,1
1944(2),Tibet,1
1944(2),montana,1
1944(2),Warmians,1
1944(2),Aornos,1
1944(2),Arikamedu,1
1944(2),Andhra Pradesh,3
1944(2),North West England,1
1944(2),Dhauli,1
1944(2),odisha,1
1941(2),Perić,20
1941(2),Kuala Lumpur,2
1941(2),Red Line (Namma Metro),1
1941(2),amravati,1
1941(2),Stutterheim,3
1941(2),Palembang,2
1941(2),thatta,13
1941(2),Yangon,4
1941(2),introd,1
1941(2),Tagaung,1
1941(2),Bagan,1
1941(2),prom,1
1941(2),Tamluk,1
1941(2),sihala,1
1941(2),Mottama,3
1941(2),gondia,1
1941(2),Arimaddana,1
1941(2),braga,1
1941(2),Krabi,2
1941(2),Leiden,1
1941(2),"New Haven, Connecticut",1
1941(2),Moscow,2
1941(2),Vijayanagara Empire,1
1941(2),leiden,2
1941(2),cambridge,1
1941(2),Prambanan,3
1941(2),Tirupati,1
1941(2),lucknow,2
1941(2),yogyakarta,1
1941(2),Guwahati,1
1941(2),María Luisa Bombal,3
1941(2),ranch,1
1941(2),Athens,4
1941(2),llama,1
1941(2),Semarang,2
1941(2),Pekalongan,2
1941(2),Salatiga,1
1941(2),home,2
1941(2),Borobudur,3
1941(2),mali,5
1941(2),Shantiniketan,12
1941(2),prambanan,1
1941(2),Ghadam-Ali Sarami,1
1941(2),Manipur,1
1941(2),London,3
1941(2),Kabul,2
1941(2),Bagram,1
1941(2),Tokyo,1
1941(2),Boston,1
1941(2),Philadelphia,1
1941(2),Antwerp,1
1941(2),strasbourg,1
1941(2),gene,1
1941(2),Zurich,1
1941(2),Darmstadt,1
1941(2),hamburger,1
1941(2),Stockholm,1
1941(2),Berlin,2
1941(2),Munich,1
1941(2),praise,2
1941(2),Budapest,1
1941(2),Naples,1
1941(2),Dresden,1
1941(2),Belgrade,1
1941(2),car,1
1941(2),Lake Thun,1
1941(2),puri,1
1941(2),Midnapore,1
1941(2),Angkor,1
1941(2),hari,1
1941(2),Surakarta,1
1941(2),india,70
1941(2),china,15
1941(2),Japan,6
1941(2),green,2
1941(2),wales,4
1941(2),Colony,1
1941(2),Myanmar,64
1941(2),Sri Lanka,6
1941(2),Mongolia,1
1941(2),Indonesia,5
1941(2),England,2
1941(2),Netherlands,2
1941(2),Singapore,1
1941(2),Neytal,5
1941(2),nevada,2
1941(2),ISBN,2
1941(2),varona,1
1941(2),Names of China,1
1941(2),Australia,1
1941(2),Kingdom of Romania,1
1941(2),Thailand,2
1941(2),Afghanistan,8
1941(2),Cambodia,1
1941(2),Luxembourg,1
1941(2),United States,1
1941(2),Switzerland,2
1941(2),Brussels,2
1941(2),Russia,2
1941(2),italy,1
1941(2),norway,1
1941(2),canada,1
1941(2),France,1
1941(2),iran,1
1941(2),Thailand,1
1941(2),ISBN,2
1941(2),Serindia,1
1941(2),tibet,21
1941(2),Malay Archipelago,1
1941(2),Kedah,17
1941(2),Sumatra,5
1941(2),Perak,13
1941(2),Buddhahood,1
1941(2),Fortification,1
1941(2),johor,4
1941(2),George Cœdès,1
1941(2),"Tacoma, Washington",1
1941(2),sumatra,4
1941(2),Johor,1
1941(2),Bengal,19
1941(2),Upper Myanmar,1
1941(2),Mon people,1
1941(2),jon,1
1941(2),Nirvana,3
1941(2),Bodh Gaya,2
1941(2),Thou,1
1941(2),thor,1
1941(2),Málaga,1
1941(2),Alaska,2
1941(2),"Unorganized Borough, Alaska",1
1941(2),karnataka,1
1941(2),Turkestan,1
1941(2),Java,5
1941(2),Wayans family,1
1941(2),Jogimara and Sitabenga Caves,1
1941(2),bihar,3
1941(2),Hittites,1
1941(2),Mitanni,2
1941(2),Nelson Mandela,1
1941(2),melanesia,1
1941(2),land,1
1941(2),Holland,1
1941(2),Republics of the Soviet Union,1
1941(2),Andhra Pradesh,1
1941(2),guangxi,1
1941(2),Mount Penanggungan,1
1943longer,London,41
1943longer,Perić,67
1943longer,london,1
1943longer,"Yakima, Washington",1
1943longer,Shravasti,1
1943longer,Roman Empire,4
1943longer,Kashgar,2
1943longer,Baghdad,3
1943longer,Dhaka,3
1943longer,samantha,1
1943longer,Byzantine Empire,1
1943longer,Sukhothai Kingdom,10
1943longer,cambridge,7
1943longer,Borobudur,2
1943longer,Prambanan,1
1943longer,Palembang,1
1943longer,Tokyo,12
1943longer,Kunduz,1
1943longer,Kabul,20
1943longer,del,10
1943longer,Boston,2
1943longer,Leipzig,13
1943longer,Vadodara,1
1943longer,laos,2
1943longer,Zeist,1
1943longer,mali,6
1943longer,Leiden,5
1943longer,hari,7
1943longer,Hanoi,1
1943longer,patna,1
1943longer,Bangkok,4
1943longer,Berlin,6
1943longer,Sistan,7
1943longer,Oxford,7
1943longer,Heidelberg,2
1943longer,Shanghai,1
1943longer,"Wajima, Ishikawa",1
1943longer,Kyoto,1
1943longer,Saint Petersburg,2
1943longer,rome,1
1943longer,copenhagen,1
1943longer,Yangon,1
1943longer,Kolkata,2
1943longer,strasbourg,1
1943longer,Ho Chi Minh City,1
1943longer,Lahore,2
1943longer,thangam,1
1943longer,leiden,4
1943longer,The Hague,3
1943longer,Amsterdam,2
1943longer,Stutterheim,3
1943longer,Singaraja,1
1943longer,Padang,1
1943longer,Surakarta,1
1943longer,amravati,5
1943longer,Guntur,1
1943longer,Jaggayyapeta,2
1943longer,babylonia,1
1943longer,"Thebes, Greece",1
1943longer,María Luisa Bombal,5
1943longer,Aligarh,1
1943longer,bali,1
1943longer,Ramatha,2
1943longer,Tusara,3
1943longer,kuchak,5
1943longer,kuchar,1
1943longer,syama,2
1943longer,jalandhar,1
1943longer,Cantù,1
1943longer,sindh,1
1943longer,Tulapur,1
1943longer,Indo people,7
1943longer,ujjain,2
1943longer,Kandahar,1
1943longer,Pataliputra,4
1943longer,Kannauj,2
1943longer,guntur,1
1943longer,karnataka,1
1943longer,Angkor,1
1943longer,Udayadityavarman II,6
1943longer,thatta,1
1943longer,Lopburi,1
1943longer,Huliyurdurga,1
1943longer,prom,3
1943longer,Jaipur,1
1943longer,Navsari,1
1943longer,Shantiniketan,1
1943longer,Darbhanga,1
1943longer,Budapest,3
1943longer,Dresden,1
1943longer,Jammu,1
1943longer,hotan,2
1943longer,Mahaban,1
1943longer,Urination,1
1943longer,Samarkand,1
1943longer,Srinagar,1
1943longer,Gözde Kansu,1
1943longer,Stuttgart,1
1943longer,nagapattinam,1
1943longer,Aletty,2
1943longer,Nagapattinam,1
1943longer,polonnaruwa,3
1943longer,Lanka,1
1943longer,aana,1
1943longer,"Puhar, Mayiladuthurai",2
1943longer,jaffa,1
1943longer,Varnu,1
1943longer,chitral,1
1943longer,Peshawar,1
1943longer,Balkh,2
1943longer,Gundeshapur,1
1943longer,mukhtar,1
1943longer,Mansur,1
1943longer,Chishti Order,1
1943longer,Veerampattinam,11
1943longer,Loulan Kingdom,13
1943longer,granard,4
1943longer,Shmashana,1
1943longer,kuruk,1
1943longer,Phocaea,1
1943longer,komara,3
1943longer,Gansu,1
1943longer,"Jerge-Tal, Osh",1
1943longer,kusuma,1
1943longer,tampere,1
1943longer,panadura,1
1943longer,SARS,1
1943longer,Saṃsāra,1
1943longer,ziarat,1
1943longer,moss,2
1943longer,havana,1
1943longer,Kunduz Province,1
1943longer,solon,1
1943longer,Hyderabad State,1
1943longer,Tosali,1
1943longer,Vellalur,2
1943longer,Bogampatti,1
1943longer,Tamralipta,6
1943longer,leh,1
1943longer,Travancore,1
1943longer,Chennai,2
1943longer,Hyderabad,1
1943longer,india,214
1943longer,china,62
1943longer,Japan,8
1943longer,ISBN,10
1943longer,Cambodia,12
1943longer,Thailand,6
1943longer,Myanmar,20
1943longer,Mongolia,4
1943longer,Indonesia,3
1943longer,Afghanistan,9
1943longer,malaysia,4
1943longer,Sri Lanka,13
1943longer,France,1
1943longer,cambodia,1
1943longer,Singapore,1
1943longer,Brussels,4
1943longer,Uttarakuru,5
1943longer,Ethiopians,1
1943longer,Neytal,1
1943longer,plant,1
1943longer,Hungary,1
1943longer,Germany,1
1943longer,England,2
1943longer,iran,2
1943longer,vanuatu,1
1943longer,Syrians,2
1943longer,Egypt,1
1943longer,ISBN,19
1943longer,South India,2
1943longer,Serindia,15
1943longer,Malay Archipelago,4
1943longer,Nirvana,7
1943longer,Sravana Bhargavi,1
1943longer,Bodh Gaya,2
1943longer,canada,2
1943longer,Kosala (Mahajanapada),1
1943longer,Jambudvīpa,1
1943longer,Western India,2
1943longer,Solid-state battery,1
1943longer,gang,4
1943longer,Chao Phraya River,1
1943longer,tibet,28
1943longer,Manchuria,2
1943longer,oceania,1
1943longer,Socotra,1
1943longer,Fondukistan monastery,1
1943longer,Sulawesi,1
1943longer,bacteria,6
1943longer,Sumatra,1
1943longer,asia,3
1943longer,island,2
1943longer,Turkestan,29
1943longer,Bezeklik Caves,1
1943longer,bihar,1
1943longer,Illinois,1
1943longer,japan,1
1943longer,Myth,1
1943longer,Java,1
1943longer,Horace Geoffrey Quaritch Wales,1
1943longer,Ajanta Caves,1
1943longer,Makara,1
1943longer,Barabar Caves,1
1943longer,Rajputana,1
1943longer,mekong,2
1943longer,ramayana,1
1943longer,Daradas,4
1943longer,Chinas,1
1943longer,kalakla,1
1943longer,Drangiana,3
1943longer,Scythians,2
1943longer,parthia,1
1943longer,Margiana,1
1943longer,Gandhara,4
1943longer,Yehud Medinata,1
1943longer,Shakdvipa,1
1943longer,Nelson Mandela,1
1943longer,Yarkant County,1
1943longer,Kathiawar,2
1943longer,sumatra,1
1943longer,Parthian Empire,1
1943longer,Oddiyana,2
1943longer,tushara,1
1943longer,Badakhshan,2
1943longer,Mihirakula,1
1943longer,kolkata,1
1943longer,Family tree of Khmer Varman monarchs,1
1943longer,Bengal,14
1943longer,North Bihar,1
1943longer,Andhra Pradesh,5
1943longer,bengal,1
1943longer,Indra,1
1943longer,Kharosthi,7
1943longer,balochistan,2
1943longer,makran,2
1943longer,Ghaggar-Hakra River,2
1943longer,Waziristan,2
1943longer,Khyber Pakhtunkhwa,1
1943longer,Las Bela (princely state),1
1943longer,Northwestern Europe,1
1943longer,Bihar,1
1943longer,katana,1
1943longer,Kedah,2
1943longer,Dieng Plateau,1
1943longer,Nusantara (term),1
1943longer,kuala,4
1943longer,Gomati district,2
1943longer,Soan River,1
1943longer,Siege of Malakand,1
1943longer,Sufism,2
1943longer,Sindh,1
1943longer,transoxiana,1
1943longer,Mesopotamia,1
1943longer,ulm,1
1943longer,Arabs,4
1943longer,Hindustan,1
1943longer,Lal Bahadur Shastri,1
1943longer,Mainland Southeast Asia,1
1943longer,Jakuba Katalpa,2
1943longer,East Turkestan,1
1943longer,Avans University of Applied Sciences,1
1943longer,phoca,1
1943longer,vacuole,1
1943longer,List of United States representatives from New York,1
1943longer,Tibet,1
1943longer,montana,1
1943longer,Aornos,1
1943longer,Arikamedu,2
1943longer,North West England,1
1943longer,Dhauli,1
1943longer,odisha,1
1942,London,35
1942,Perić,35
1942,thatta,8
1942,Nyaung-U,1
1942,prom,8
1942,babylonia,3
1942,palanpur,1
1942,Vidisha,2
1942,patna,1
1942,panama,1
1942,del,2
1942,cambridge,5
1942,Loulan Kingdom,1
1942,Thiruvananthapuram,2
1942,Banjarnegara,1
1942,Surakarta,1
1942,Semarang,1
1942,hari,7
1942,Luang Prabang,1
1942,laos,4
1942,Tirupati,1
1942,Pudukkottai,1
1942,hotan,4
1942,kuchak,10
1942,Kabul,3
1942,Mathura,1
1942,Berlin,4
1942,Gaochang,3
1942,Gansu,1
1942,Leipzig,4
1942,kyzyl,2
1942,Tokyo,5
1942,Shanghai,1
1942,Oxford,4
1942,Karachays,3
1942,oslo,1
1942,Saint Petersburg,2
1942,Urination,3
1942,Heidelberg,1
1942,Leuven,1
1942,home,3
1942,johol,1
1942,Bagan,1
1942,Myazedi inscription,1
1942,Bangkok,8
1942,Lopburi,4
1942,Sukhothai Kingdom,2
1942,amravati,5
1942,Bhitargaon,1
1942,Battambang,1
1942,Ho Chi Minh City,1
1942,Phnom Penh,5
1942,"Sirpur, Mahasamund",1
1942,thangam,5
1942,Champapuri,1
1942,Badami,1
1942,palmyra,1
1942,Prambanan,4
1942,leiden,1
1942,Mojokerto,1
1942,surakarta,1
1942,Borobudur,8
1942,Amsterdam,1
1942,Stutterheim,3
1942,mali,6
1942,Leiden,6
1942,Lanka,1
1942,The Hague,1
1942,Vadodara,1
1942,West Kalimantan,1
1942,Palembang,5
1942,San Francisco,1
1942,Murshidabad,1
1942,Anuradhapura,2
1942,kandy,1
1942,Polonnaruwa,1
1942,María Luisa Bombal,3
1942,Baghdad,1
1942,india,61
1942,china,13
1942,Indonesia,6
1942,Myanmar,44
1942,United States,1
1942,Japan,3
1942,Sri Lanka,8
1942,Thailand,10
1942,spain,2
1942,Brussels,1
1942,Cambodia,27
1942,haiti,2
1942,Afghanistan,2
1942,France,3
1942,xinjiang,1
1942,Names of China,1
1942,Egypt,1
1942,Kumāralāta,1
1942,Neytal,1
1942,Netherlands,3
1942,malaysia,2
1942,New Zealand,1
1942,ISBN,1
1942,Malay Archipelago,1
1942,Nusantara (term),1
1942,Melayu Kingdom,1
1942,Upper Myanmar,3
1942,Bodh Gaya,2
1942,Bengal,17
1942,black,1
1942,oceania,2
1942,Polynesia,1
1942,island,1
1942,Turkestan,6
1942,Sumatra,6
1942,Hittites,1
1942,kutai,1
1942,Lamongan Regency,1
1942,Chola Empire,2
1942,Srivijaya,4
1942,Java,1
1942,Buddhahood,2
1942,Fondukistan monastery,1
1942,Gandhara,1
1942,Ajanta Caves,3
1942,Kharosthi,1
1942,Illinois,2
1942,Western India,1
1942,tibet,8
1942,Kálmán,1
1942,Manchuria,1
1942,amarapura,1
1942,Dvaravati,7
1942,Central Thailand,1
1942,Northern Thailand,1
1942,Yunnan,1
1942,Funan,1
1942,funan,1
1942,Kalinga (Mahabharata),1
1942,japan,1
1942,Majapahit,1
1942,East Java,1
1942,Holland,2
1942,minchin,1
1942,Wayans family,1
1942,Hawaii,1
1942,East Kalimantan,1
1942,sumatra,2
1942,Kelantan,1
1942,Málaga,1
1942,Kedah,5
1942,Perak,7
1942,johor,1
1942,Andhra Pradesh,3
1942,Northwestern Europe,1
1942,Dardic languages,1
1942,Chota Nagpur Plateau,1
1939,Perić,6
1939,thatta,43
1939,paris,1
1939,Bagan,1
1939,Divinity,1
1939,"Puhar, Mayiladuthurai",3
1939,prom,39
1939,buddhadasa,1
1939,amravati,4
1939,mactan,1
1939,Manipur,1
1939,Palembang,2
1939,thangam,2
1939,Lake Tahoe,1
1939,Beihai,1
1939,Beipiao,1
1939,Bawbawgyi Pagoda,1
1939,Kolkata,1
1939,Lahore,1
1939,Junagadh,1
1939,María Luisa Bombal,4
1939,lucknow,1
1939,Mathura,1
1939,Chunar,1
1939,mali,8
1939,yogyakarta,2
1939,Prambanan,6
1939,Borobudur,7
1939,warsaw,3
1939,Thiruvananthapuram,2
1939,Zurich,1
1939,saharanpur,1
1939,London,2
1939,hari,1
1939,ranch,1
1939,Berlin,2
1939,Leiden,3
1939,digha,1
1939,vijayanagara,2
1939,Turino Vanni,2
1939,polonnaruwa,1
1939,Anuradhapura,3
1939,anuradhapura,5
1939,Vijitapura,1
1939,sitapur,1
1939,Capital of Sri Lanka,4
1939,Nandanavana,2
1939,Yangon,1
1939,laos,2
1939,Mottama,2
1939,Vyadhapura,2
1939,Lanka,1
1939,introd,1
1939,sukhumi,1
1939,warangal,1
1939,Sragen Regency,1
1939,Angkor Wat,1
1939,bavaria,2
1939,Kyoto,1
1939,leh,1
1939,Tulungagung Regency,1
1939,tegal,1
1939,Vijayaraghava Perumal temple,1
1939,Stutterheim,1
1939,Amsterdam,2
1939,praise,1
1939,Guwahati,1
1939,kraków,1
1939,Myanmar,93
1939,china,16
1939,Japan,4
1939,india,71
1939,Sri Lanka,12
1939,refugee,1
1939,Thailand,1
1939,Cambodia,13
1939,Lower Myanmar,2
1939,African National Congress,1
1939,Indonesia,1
1939,Singapore,4
1939,Australia,2
1939,New Zealand,1
1939,philippines,2
1939,Brussels,1
1939,myanmar,1
1939,Cunningham,1
1939,Switzerland,1
1939,Hungary,1
1939,Neytal,1
1939,England,3
1939,Netherlands,8
1939,malaysia,2
1939,Serindia,2
1939,Upper Myanmar,2
1939,Nirvana,1
1939,thor,1
1939,Shin Sawbu,1
1939,Dvaravati,9
1939,Bodh Gaya,1
1939,Naga people,5
1939,South India,3
1939,bihar,1
1939,Bengal,5
1939,tibet,2
1939,Kedah,1
1939,magadan,2
1939,Operation Red Wings,1
1939,Vindhya Range,1
1939,Godavari River,2
1939,ikshvaku,1
1939,Nagarjunakonda,1
1939,asia,1
1939,Cathan,1
1939,Kingdom of Amber,1
1939,Málaga,2
1939,Java,2
1939,Mihintale,1
1939,Utkala Brahmin,1
1939,Kaveri,1
1939,Kambojas,2
1939,Jambudvīpa,2
1939,Aparanta,1
1939,Mataram kingdom,5
1939,Syrians,1
1939,Sumer,4
1939,Delta Draconis,1
1939,Arabs,1
1939,mekong,3
1939,Mahendravarman I,2
1939,New Guinea,1
1939,British Empire,1
1939,Holland,3
1939,Sumatra,2
1939,Bunong people,1
1939,Sulawesi,2
1939,Bedulu,1
1939,Gandhara,1
1939,malavas,1
1939,Abhira people,1
1940(2),Perić,4
1940(2),Jalalabad,1
1940(2),Kabul,7
1940(2),Ghorband District,3
1940(2),Sistan,1
1940(2),Palembang,18
1940(2),nigeria,1
1940(2),Phatthalung,1
1940(2),Mergers and acquisitions,2
1940(2),mali,3
1940(2),kataba,1
1940(2),bakh,1
1940(2),thangam,1
1940(2),Battle of Takkolam,1
1940(2),Vidisha,2
1940(2),Kundina,9
1940(2),María Luisa Bombal,2
1940(2),hari,2
1940(2),Pattinam,1
1940(2),"Puhar, Mayiladuthurai",1
1940(2),potenza,1
1940(2),Leiden,4
1940(2),Corinthia,1
1940(2),Padang,1
1940(2),Buttocks,1
1940(2),Guwahati,1
1940(2),amaravati,1
1940(2),Amsterdam,3
1940(2),yogyakarta,2
1940(2),Shantiniketan,4
1940(2),Tokyo,1
1940(2),Berlin,1
1940(2),Baltimore,1
1940(2),boston,1
1940(2),babylonia,1
1940(2),Zalpuwa,1
1940(2),Amarna,1
1940(2),Tarḫuntaradu,1
1940(2),zurich,1
1940(2),cambridge,1
1940(2),Mathura,12
1940(2),"Kabul, Israel",1
1940(2),amravati,3
1940(2),Bagram,1
1940(2),lucknow,1
1940(2),Baladeva Vidyabhushana,1
1940(2),patna,1
1940(2),Badami,1
1940(2),London,2
1940(2),geelong,1
1940(2),Kolkata,1
1940(2),jessop,1
1940(2),Mahasthangarh,1
1940(2),Ho Chi Minh City,1
1940(2),Dhaka,1
1940(2),Chittagong,1
1940(2),sibiu,1
1940(2),Surakarta,2
1940(2),Yangon,1
1940(2),home,1
1940(2),Munich,1
1940(2),india,102
1940(2),china,12
1940(2),Japan,1
1940(2),Afghanistan,6
1940(2),malaysia,1
1940(2),Indonesia,5
1940(2),Singapore,1
1940(2),France,1
1940(2),Myanmar,10
1940(2),Sri Lanka,3
1940(2),Cambodia,24
1940(2),Thailand,4
1940(2),Province,1
1940(2),Egypt,2
1940(2),green,1
1940(2),United States,7
1940(2),Indonesia,2
1940(2),Thailand,1
1940(2),Serindia,1
1940(2),Jyotiba Temple,1
1940(2),George Cœdès,1
1940(2),Sumatra,11
1940(2),Kedah,17
1940(2),kelantan,3
1940(2),Chi Tu,3
1940(2),Kelantan,2
1940(2),Java,3
1940(2),Mount Muria,1
1940(2),Andhra Pradesh,5
1940(2),mindanao,1
1940(2),Mindanao,1
1940(2),Sulawesi,1
1940(2),Perak,3
1940(2),Vasishtha dynasty,1
1940(2),Jats,1
1940(2),Srivijaya,1
1940(2),Jambudvīpa,1
1940(2),katana,9
1940(2),Sinhalese people,3
1940(2),Temptation Island India,3
1940(2),Nusantara (term),1
1940(2),Vidarbha,3
1940(2),somadeva,1
1940(2),japan,2
1940(2),Bengal,12
1940(2),bihar,2
1940(2),odisha,1
1940(2),Maratha Confederacy,1
1940(2),West Sumatra,1
1940(2),asia,1
1940(2),Pararaton,1
1940(2),New Guinea,1
1940(2),Málaga,1
1940(2),balochistan,1
1940(2),2021–22 European windstorm season,1
1940(2),Hittites,38
1940(2),Mesopotamia,1
1940(2),Akkadō,1
1940(2),Indo-Aryan languages,1
1940(2),Thou,1
1940(2),bactria,1
1940(2),Ajanta Caves,1
1940(2),Nagarjunakonda,1
1940(2),Gandhara,1
1940(2),Chola Empire,1
1940(2),Barabar Caves,1
1940(2),Dhauli,1
1940(2),Kalinga (region),1
1940(2),Govindapala,1
1940(2),Bikrampur,1
1940(2),itaqui,1
1940(2),johor,2
1940(2),Barack Obama,1
1956,hunting,4
1956,Lashio,1
1956,Yangon,1
1956,Mogaung,1
1956,myitkyina,1
1956,prom,3
1956,cambridge,2
1956,Berlin,2
1956,Perić,4
1956,hari,2
1956,thangam,3
1956,sichuan,2
1956,Beipiao,1
1956,laos,2
1956,London,10
1956,Tezpur,1
1956,Indo people,1
1956,Palembang,1
1956,llama,3
1956,Pataliputra,1
1956,Lijiang,5
1956,mali,9
1956,Leipzig,2
1956,Padma River,1
1956,The Hague,2
1956,Leiden,4
1956,viseu,1
1956,sinaloa,1
1956,Vadodara,3
1956,Singaraja,2
1956,Gansu,1
1956,Fergana,1
1956,hotan,3
1956,kuchak,2
1956,Faiyum,1
1956,Uraiyur,2
1956,Isanapura,1
1956,sendai,1
1956,Battambang,3
1956,Ta Prohm,1
1956,Vrindavan,1
1956,baduria,1
1956,apatin,1
1956,Manipur,1
1956,sindh,1
1956,ancona,2
1956,Kandahar,3
1956,Hotan,2
1956,Khub Yaran-e Sofla,1
1956,Mysore,1
1956,"Sirpur, Mahasamund",1
1956,Amsterdam,2
1956,leiden,2
1956,bandung,1
1956,Gresik Regency,1
1956,Ramananda,1
1956,María Luisa Bombal,1
1956,china,67
1956,Myanmar,23
1956,india,75
1956,Province,1
1956,Neytal,2
1956,Indonesia,2
1956,Mongolia,2
1956,ISBN,2
1956,green,1
1956,Egypt,1
1956,Syrians,1
1956,Cambodia,1
1956,United States,1
1956,Afghanistan,2
1956,indonesia,1
1956,Guangdong,1
1956,Japan,1
1956,Cambodia,2
1956,ISBN,2
1956,Thailand,1
1956,Jiaozhi,2
1956,mekong,7
1956,bacteria,3
1956,asia,2
1956,tibet,26
1956,Bengal,1
1956,Nanzhao,2
1956,magadan,3
1956,Yunnan,41
1956,Sumatra,2
1956,Pundravardhana,1
1956,Barua,1
1956,Turkestan,12
1956,Illinois,3
1956,Bima language,1
1956,Old Javanese,5
1956,Outer Mongolia,1
1956,Steppe,1
1956,Yarkant County,3
1956,Bactria,1
1956,Isanavarman I,2
1956,Bikrampur,1
1956,oceania,1
1956,Mỹ Sơn,1
1956,Mahendravarman I,4
1956,Rajendravarman II,1
1956,Videha,1
1956,Bhagirathi River,1
1956,yamuna,2
1956,Yamuna,2
1956,Upper Myanmar,1
1956,Annam (French protectorate),1
1956,kiribati,1
1956,ramadan,1
1956,Chinas,1
1956,Bhogilal Pandya,1
1956,Kirata,1
1956,Tai peoples,2
1956,rajasthan,1
1956,land,1
1956,Funan,1
1956,Mekong,2
1936下半年,London,5
1936下半年,Perić,4
1936下半年,Anuradhapura,5
1936下半年,polonnaruwa,2
1936下半年,Kurunegala,3
1936下半年,Capital of Sri Lanka,3
1936下半年,Dutugamunu,1
1936下半年,Yogyakarta,1
1936下半年,Lanka,1
1936下半年,sihala,1
1936下半年,Amsterdam,2
1936下半年,Kabul,4
1936下半年,Oxford,1
1936下半年,bamford,1
1936下半年,Borobudur,3
1936下半年,leiden,2
1936下半年,The Hague,2
1936下半年,Malayagiri,1
1936下半年,cambridge,1
1936下半年,María Luisa Bombal,2
1936下半年,nashik,2
1936下半年,Introd,1
1936下半年,Leiden,3
1936下半年,bavaria,2
1936下半年,Utrecht,2
1936下半年,Saint Petersburg,4
1936下半年,Heidelberg,2
1936下半年,Leipzig,1
1936下半年,mali,7
1936下半年,tabanus,1
1936下半年,Berlin,2
1936下半年,Stutterheim,1
1936下半年,hari,2
1936下半年,Palembang,1
1936下半年,Bengaluru,1
1936下半年,yogyakarta,1
1936下半年,Dhaka,1
1936下半年,india,47
1936下半年,china,9
1936下半年,Japan,15
1936下半年,Sri Lanka,4
1936下半年,Manavanna of Anuradhapura,3
1936下半年,Myanmar,8
1936下半年,Cambodia,7
1936下半年,Neytal,2
1936下半年,cambodia,2
1936下半年,green,1
1936下半年,Indonesia,4
1936下半年,surname,2
1936下半年,Netherlands,1
1936下半年,Mongolia,1
1936下半年,England,2
1936下半年,Thailand,1
1936下半年,France,2
1936下半年,United States,2
1936下半年,Soviet Union,1
1936下半年,Singapore,1
1936下半年,Afghanistan,1
1936下半年,Indonesia,1
1936下半年,Serindia,1
1936下半年,Illinois,1
1936下半年,Mount Meru,2
1936下半年,Sumatra,4
1936下半年,Holland,3
1936下半年,gang,1
1936下半年,Gujarat,1
1936下半年,Kaveri,1
1936下半年,Mount Everest,1
1936下半年,Great Britain,1
1936下半年,Saṃkarṣaṇa,1
1936下半年,tibet,1
1936下半年,States and union territories of India,1
1936下半年,Nirvana,1
1936下半年,Bengal,4
1936下半年,Ta Keo,1
1936下半年,Java,1
1936下半年,japan,1
1944,Perić,3
1944,London,14
1944,Budapest,3
1944,Dresden,1
1944,Leipzig,1
1944,Oxford,2
1944,Lahore,1
1944,Jammu,1
1944,kuchak,3
1944,hotan,2
1944,Mahaban,1
1944,Urination,1
1944,Kashgar,1
1944,Samarkand,1
1944,Kabul,8
1944,Srinagar,1
1944,Gözde Kansu,1
1944,Stuttgart,1
1944,María Luisa Bombal,2
1944,Indo people,3
1944,Parihaspore,1
1944,Leiden,2
1944,nagapattinam,1
1944,Aletty,2
1944,Nagapattinam,2
1944,damila,1
1944,polonnaruwa,3
1944,Lanka,1
1944,aana,1
1944,"Puhar, Mayiladuthurai",2
1944,jaffa,1
1944,Varnu,1
1944,chitral,1
1944,Peshawar,1
1944,Balkh,2
1944,Gundeshapur,1
1944,mukhtar,1
1944,Mansur,1
1944,Baghdad,1
1944,Chishti Order,1
1944,karaganda,1
1944,Loulan Kingdom,14
1944,granard,4
1944,kuruk,1
1944,Phocaea,1
1944,komara,3
1944,Kōriyama,1
1944,Chennai,1
1944,Gansu,1
1944,"Jerge-Tal, Osh",1
1944,kusuma,1
1944,panadura,1
1944,"Anjileh, Kurdistan",1
1944,SARS,1
1944,Saṃsāra,1
1944,Warud,1
1944,havana,2
1944,ziarat,2
1944,moss,2
1944,Kunduz Province,1
1944,Veerampattinam,10
1944,hari,1
1944,Hyderabad State,1
1944,del,1
1944,Roman Empire,1
1944,cambridge,1
1944,Tosali,1
1944,Vellalur,2
1944,Bogampatti,1
1944,Tamralipta,5
1944,china,11
1944,Japan,3
1944,india,53
1944,hungary,1
1944,ISBN,6
1944,Germany,1
1944,England,2
1944,Afghanistan,1
1944,iran,2
1944,Sri Lanka,8
1944,Myanmar,1
1944,Thailand,1
1944,Cambodia,2
1944,vanuatu,1
1944,Syrians,2
1944,Egypt,1
1944,Mongolia,2
1944,ISBN,12
1944,Thailand,1
1944,Serindia,11
1944,Malay Archipelago,1
1944,kashmir,1
1944,Oddiyana,1
1944,Turkestan,25
1944,Kharosthi,2
1944,tibet,13
1944,balochistan,2
1944,makran,2
1944,Ghaggar-Hakra River,2
1944,Waziristan,2
1944,Khyber Pakhtunkhwa,1
1944,Las Bela (princely state),1
1944,Northwestern Europe,1
1944,Western India,1
1944,island,1
1944,Bengal,2
1944,Bihar,1
1944,bacteria,1
1944,katana,1
1944,thebaid,1
1944,Kedah,2
1944,Dieng Plateau,1
1944,Nusantara (term),1
1944,kuala,3
1944,Gomati district,2
1944,Soan River,1
1944,Siege of Malakand,1
1944,Gandhara,1
1944,Sufism,2
1944,Sindh,1
1944,transoxiana,1
1944,Mesopotamia,1
1944,ulm,1
1944,Arabs,4
1944,Hindustan,1
1944,Lal Bahadur Shastri,1
1944,Jakuba Katalpa,2
1944,East Turkestan,1
1944,Avans University of Applied Sciences,1
1944,phoca,1
1944,vacuole,1
1944,bactria,1
1944,heath,1
1944,Ibn Khordadbeh,1
1944,barbuda,1
1944,Aornos,1
1944,Hindus,1
1944,Arikamedu,2
1944,Andhra Pradesh,2
1944,North West England,1
1944,Dhauli,1
1944,odisha,1
19452,Mainamati,15
19452,London,12
19452,Perić,16
19452,Byzantine Empire,1
19452,Mazandaran province,1
19452,Kashan,1
19452,Smolensk,1
19452,Moscow,15
19452,Kabul,3
19452,del,3
19452,Saint Petersburg,62
19452,Astrakhan,8
19452,Armenia,1
19452,baku,2
19452,"St. Petersburg, Florida",4
19452,Berlin,7
19452,Oxford,2
19452,kazan,6
19452,Petrópolis,1
19452,Urination,9
19452,Sarepta,1
19452,Amsterdam,1
19452,Leipzig,1
19452,golconda,1
19452,Darjeeling,1
19452,Borobudur,1
19452,aston,2
19452,Ürümqi,1
19452,home,2
19452,kuchak,1
19452,bon,4
19452,Munich,1
19452,cosa,1
19452,Pernod Ricard,1
19452,María Luisa Bombal,1
19452,Shanghai,1
19452,cambridge,1
19452,Burqan,1
19452,turin,1
19452,kharkiv,3
19452,Heidelberg,2
19452,praise,1
19452,"Rohtas Fort, India",1
19452,Mathura,2
19452,hari,1
19452,thangam,1
19452,Jalalabad,1
19452,Leiden,1
19452,Russia,25
19452,France,8
19452,Afghanistan,9
19452,india,66
19452,china,11
19452,Japan,6
19452,ISBN,1
19452,Mongolia,9
19452,Soviet Union,3
19452,England,7
19452,Germany,2
19452,mongolia,1
19452,Sri Lanka,1
19452,Myanmar,3
19452,estonia,1
19452,Inner Mongolia,1
19452,Uzbekistan,1
19452,Turkmenistan,1
19452,Neytal,3
19452,Turkey,1
19452,Cambodia,2
19452,afghanistan,2
19452,United States,1
19452,ISBN,7
19452,Czech Republic,1
19452,Malay Archipelago,3
19452,Serindia,1
19452,Thomas More,1
19452,Turkestan,7
19452,tibet,18
19452,ormus,1
19452,Bengal,8
19452,hindus,1
19452,russia,1
19452,bihar,1
19452,Ajanta Caves,2
19452,simsim,1
19452,testacea,1
19452,Mass,1
19452,Saint Petersburg–Moscow railway,1
19452,Illinois,2
19452,Nirvana,1
19452,hindustan,1
19452,Khwarazm,1
19452,Great Britain,1
19452,island,1
19452,elm,1
19452,Navajo,1
19452,Chota Nagpur Plateau,1
19452,Seleucid Empire,1
19452,bacteria,1
19452,Sravana Bhargavi,1
19452,Collège-Lycée La Réussite,1
19452,East Kalimantan,1
19452,Málaga,1
1958,china,4
1958,india,4
1958,Afghanistan,1
1958,Bactria,2
1958,Turkestan,1
1958,tibet,2
1955,Perić,5
1955,London,29
1955,median,1
1955,Pakistan,2
1955,Palembang,1
1955,Oxford,8
1955,cambridge,4
1955,patna,3
1955,Athena,1
1955,Edinburgh,1
1955,María Luisa Bombal,8
1955,Hoshiarpur,2
1955,Lahore,1
1955,Luoyang,2
1955,Kasara,1
1955,hotan,1
1955,sassari,1
1955,14 (number),1
1955,Delaware Valley,1
1955,thyatira,1
1955,hari,2
1955,mali,2
1955,laos,1
1955,Tokyo,2
1955,oxford,1
1955,Loulan Kingdom,1
1955,Vadodara,1
1955,lucknow,1
1955,Prayagraj,1
1955,llama,18
1955,huy,1
1955,thangam,1
1955,Urination,13
1955,kashgari,1
1955,chengdu,1
1955,sichuan,1
1955,Salisbury,4
1955,Themar,1
1955,kashgar,1
1955,Sichuan,1
1955,Warangal,1
1955,china,118
1955,Japan,3
1955,india,110
1955,Indonesia,30
1955,China,1
1955,Myanmar,24
1955,France,1
1955,philippines,1
1955,United States,1
1955,Afghanistan,5
1955,jethro,1
1955,Cambodia,13
1955,Thailand,1
1955,Mongolia,5
1955,Russia,2
1955,England,7
1955,bhutan,1
1955,Sri Lanka,2
1955,ISBN,2
1955,Thailand,1
1955,Serindia,2
1955,Malay Archipelago,1
1955,Bengal,4
1955,Holland,2
1955,black,1
1955,gujarat,1
1955,West Bengal,1
1955,Arabs,1
1955,Turkestan,32
1955,nanjing,3
1955,bacteria,2
1955,sapieha,1
1955,Michigan,2
1955,Kharosthi,1
1955,tibet,125
1955,Sumatra,2
1955,sumer,1
1955,Dvaravati,1
1955,Karipuna language,1
1955,sutra,1
1955,Phnom Bakheng,1
1955,Saṃkarṣaṇa,1
1955,ball,1
1955,sikhism,1
1955,Pararaton,1
1955,savanna,1
1955,Ajanta Caves,1
1937,Lawas,1
1937,Palembang,11
1937,celle,3
1937,laos,6
1937,Ho Chi Minh City,2
1937,thangam,7
1937,Perić,6
1937,London,8
1937,Kuala Lumpur,1
1937,Tokyo,1
1937,Kyoto,1
1937,"Marayong, New South Wales",1
1937,yogyakarta,2
1937,"Layang-Layang, Johor",2
1937,Sragen Regency,2
1937,kabankalan,1
1937,Prambanan,1
1937,Borobudur,1
1937,Amsterdam,3
1937,Banjarnegara,1
1937,Leiden,3
1937,leiden,1
1937,balaam,1
1937,Brazil,2
1937,grenada,1
1937,Venezuela,1
1937,australia,1
1937,María Luisa Bombal,3
1937,Vengi,1
1937,Zurich,1
1937,Shantiniketan,1
1937,mosul,1
1937,Bhitargaon,1
1937,Padang,1
1937,mali,2
1937,polonnaruwa,4
1937,dharma,1
1937,bologna,1
1937,sendai,1
1937,Mahagama,1
1937,Anuradhapura,3
1937,sihala,1
1937,Dumbara,1
1937,Buttala,1
1937,Neubiberg,1
1937,Phnom Penh,1
1937,hari,4
1937,Mount Merbabu,1
1937,Stutterheim,1
1937,Dhaka,1
1937,Dharwad district,1
1937,sivrice,2
1937,Nagod,1
1937,Badami,2
1937,Mathura,1
1937,Multan,1
1937,lake,4
1937,Kandahar,2
1937,Indo people,1
1937,Basra,1
1937,barus,1
1937,Sean Combs,1
1937,bavaria,1
1937,Los Angeles,1
1937,Berlin,2
1937,ranch,1
1937,india,73
1937,Cambodia,16
1937,Thailand,6
1937,Myanmar,5
1937,china,9
1937,Japan,5
1937,France,6
1937,philippines,2
1937,United States,3
1937,Morocco,2
1937,England,4
1937,italy,1
1937,North Korea,1
1937,State of Palestine,2
1937,Egypt,2
1937,Russia,5
1937,Indonesia,6
1937,Neytal,1
1937,angola,1
1937,Sri Lanka,11
1937,United Kingdom,1
1937,Afghanistan,5
1937,netherlands,1
1937,Singapore,4
1937,Thailand,1
1937,ISBN,4
1937,japan,1
1937,Navassa Island,1
1937,Fortification,3
1937,Perak,11
1937,Sumatra,11
1937,asia,2
1937,mitch,1
1937,tonkin,4
1937,Nias,1
1937,Dieng Plateau,1
1937,kerala,1
1937,Nederland 24,1
1937,tibet,1
1937,kampala,1
1937,Kaliya,2
1937,Catalonia,1
1937,Holland,1
1937,Great Britain,1
1937,Bengal,6
1937,Latin America,1
1937,Hong Kong,1
1937,Hawaiian Islands,1
1937,gunung,1
1937,Romani people,1
1937,land,1
1937,List of Sri Lankan monarchs,1
1937,Mashonaland East Province,1
1937,Province of New York,1
1937,Bodh Gaya,4
1937,Province of Massachusetts Bay,1
1937,marae,1
1937,Mahendravarman I,1
1937,Vasishtha dynasty,1
1937,gang,21
1937,East Java,2
1937,odisha,1
1937,conta,1
1937,Kashmir,1
1937,hindus,7
1937,hindustan,1
1937,tutta,1
1937,Illinois,1
1937,Kedah,1
1941,London,5
1941,Red Line (Namma Metro),1
1941,Palembang,2
1941,"Mahani, South Khorasan",1
1941,thatta,15
1941,Yangon,4
1941,Tagaung,1
1941,Bagan,1
1941,prom,1
1941,Tamluk,1
1941,sihala,3
1941,Mottama,3
1941,Arimaddana,1
1941,gandia,1
1941,taranaki,1
1941,Krabi,1
1941,Leiden,1
1941,"New Haven, Connecticut",1
1941,Moscow,2
1941,Vijayanagara Empire,2
1941,"Thebes, Greece",1
1941,Perić,18
1941,leiden,2
1941,cambridge,1
1941,Stutterheim,2
1941,Prambanan,4
1941,Tirupati,1
1941,lucknow,1
1941,yogyakarta,1
1941,Guwahati,1
1941,María Luisa Bombal,4
1941,ranch,1
1941,Athens,4
1941,athens,1
1941,Berlin,3
1941,llama,1
1941,Kretschmer,1
1941,Semarang,3
1941,Pekalongan,1
1941,Salatiga,1
1941,Borobudur,2
1941,mali,6
1941,Shantiniketan,13
1941,prambanan,1
1941,thangam,1
1941,Manipur,1
1941,Kabul,2
1941,Tokyo,1
1941,Boston,1
1941,Antwerp,1
1941,strasbourg,1
1941,gene,1
1941,Zurich,1
1941,Darmstadt,1
1941,hamburger,1
1941,Stockholm,1
1941,Munich,1
1941,praise,2
1941,Budapest,1
1941,Naples,1
1941,home,1
1941,Philadelphia,1
1941,Jerusalem,1
1941,Dresden,1
1941,Belgrade,1
1941,Sofia,1
1941,car,1
1941,Lake Thun,1
1941,puri,1
1941,Midnapore,1
1941,Angkor,1
1941,hari,1
1941,Surakarta,1
1941,Myanmar,69
1941,india,65
1941,china,15
1941,Japan,6
1941,indonesia,1
1941,wales,2
1941,malaysia,1
1941,Sri Lanka,10
1941,Mongolia,1
1941,Indonesia,5
1941,England,3
1941,Netherlands,2
1941,Singapore,1
1941,green,1
1941,Neytal,4
1941,nevada,2
1941,ISBN,4
1941,Australia,1
1941,Thailand,2
1941,Afghanistan,8
1941,Cambodia,1
1941,Luxembourg,1
1941,United States,2
1941,U-S-A!,1
1941,Brussels,2
1941,Switzerland,2
1941,Russia,2
1941,italy,1
1941,norway,1
1941,Sweden,1
1941,canada,1
1941,France,1
1941,iran,1
1941,Chaldea,1
1941,ISBN,2
1941,Serindia,1
1941,Malay Archipelago,1
1941,Kedah,18
1941,Perak,13
1941,johor,5
1941,Sumatra,6
1941,Buddhahood,1
1941,Fortification,1
1941,"Tacoma, Washington",1
1941,sumatra,4
1941,Johor,1
1941,Bengal,22
1941,Upper Myanmar,2
1941,Mon people,1
1941,Nirvana,4
1941,Bodh Gaya,2
1941,Michigan,1
1941,South Dakota High School Activities Association,1
1941,Málaga,1
1941,Alaska,2
1941,"Unorganized Borough, Alaska",1
1941,karnataka,1
1941,janas,1
1941,Turkestan,2
1941,Java,6
1941,"Mount Coot-tha, Queensland",1
1941,Wayans family,1
1941,Jogimara and Sitabenga Caves,1
1941,tibet,23
1941,asia,1
1941,bihar,2
1941,Hittites,2
1941,Mitanni,2
1941,Nederland 24,1
1941,melanesia,1
1941,land,1
1941,Holland,1
1941,Sriniketan,1
1941,Republics of the Soviet Union,1
1941,Andhra Pradesh,1
1941,guangxi,1
1941,Mount Penanggungan,1
1938,Berlin,9
1938,Amsterdam,12
1938,galboda,1
1938,thyatira,1
1938,sendai,19
1938,samantha,1
1938,Buttala,1
1938,Neubiberg,1
1938,London,7
1938,yogyakarta,3
1938,palace,3
1938,pristina,1
1938,pathai,1
1938,Bloemfontein,1
1938,halaran,2
1938,Tirnan,1
1938,taiwan,1
1938,"Tulsa, Oklahoma",1
1938,sitapur,1
1938,Parama,1
1938,Wuhan,1
1938,Dhaka,1
1938,Kolkata,1
1938,Kathmandu,2
1938,tauranga,1
1938,karataş,1
1938,ranch,3
1938,jalpaiguri,1
1938,Khanta,1
1938,Tanjung Lesung,1
1938,Salzburg,1
1938,Leipzig,1
1938,Gustaf Kossinna,1
1938,troy,1
1938,thangam,1
1938,Zurich,5
1938,Thiruvananthapuram,1
1938,lake,1
1938,judea,1
1938,Walter Kaaden,1
1938,mali,4
1938,Stutterheim,1
1938,María Luisa Bombal,2
1938,Perić,5
1938,hari,3
1938,damila,1
1938,sihala,6
1938,polonnaruwa,1
1938,Lanka,1
1938,Anuradhapura,2
1938,kamakura,1
1938,Capital of Sri Lanka,1
1938,anuradhapura,1
1938,Pattinam,1
1938,kaduna,1
1938,guwahati,1
1938,kangal,2
1938,Palembang,7
1938,Malang,1
1938,San Francisco,2
1938,Cabuyao,2
1938,Pataliputra,1
1938,Banavasi,1
1938,Byzantine Empire,1
1938,Paithan,1
1938,Sydney,1
1938,Melbourne,1
1938,Wellington,1
1938,Ho Chi Minh City,1
1938,Bangkok,1
1938,warsaw,1
1938,bavaria,1
1938,Bengaluru,1
1938,china,17
1938,cambodia,1
1938,wales,2
1938,Sri Lanka,32
1938,india,71
1938,villa,1
1938,Cambodia,8
1938,Thailand,3
1938,Myanmar,1
1938,United Kingdom,2
1938,United States,1
1938,malaysia,1
1938,Russia,1
1938,Germany,2
1938,Netherlands,1
1938,Indonesia,5
1938,England,1
1938,Uganda,1
1938,Singapore,5
1938,Vijayabahu I,1
1938,Neytal,1
1938,Switzerland,2
1938,Brussels,3
1938,Afghanistan,2
1938,Australia,1
1938,New Zealand,1
1938,philippines,1
1938,Thailand,1
1938,katana,9
1938,Dvaravati,13
1938,Andhra Pradesh,2
1938,sigala,1
1938,Sumatra,4
1938,Mae Klong,1
1938,Mekong,1
1938,dvaravati,6
1938,State Railway of Thailand,1
1938,Killian,2
1938,The Bund,1
1938,kannada,1
1938,Purdue University,1
1938,"Mungen, Ohio",1
1938,patmos,1
1938,Buddhahood,1
1938,Kingdom of Marwar,1
1938,Katha (unit),1
1938,South Koel River,1
1938,Chota Nagpur Plateau,1
1938,Bengal,11
1938,odisha,1
1938,Illinois,1
1938,Singhbhum district,1
1938,Animal,1
1938,Java,3
1938,Western India,1
1938,magadan,1
1938,Kerala,1
1938,Vithoba,2
1938,Sinhalese people,2
1938,bihar,1
1938,House of Vijaya,1
1938,Nirvana,1
1938,South India,1
1938,Kedah,8
1938,George Cœdès,1
1938,Adara language,1
1938,somadeva,1
1938,japan,1
1938,Salankayana dynasty,1
1938,British Empire,1
1938,Arabs,1
1938,Karlani,1
1938,Penang,1
1938,Cochin chicken,1
1938,gang,1
1938,History of Raigad district,1
1938,Kanara,1
1938,manasir,1
1938,Sumer,1
1938,Crete,1
1938,Māori people,1
1938,melanesia,1
1934_1943,mali,8
1934_1943,Roman Empire,3
1934_1943,Kashgar,1
1934_1943,Baghdad,2
1934_1943,samantha,1
1934_1943,Byzantine Empire,1
1934_1943,Sukhothai Kingdom,11
1934_1943,cambridge,7
1934_1943,Borobudur,2
1934_1943,Prambanan,1
1934_1943,Palembang,1
1934_1943,Tokyo,12
1934_1943,Perić,57
1934_1943,Kunduz,1
1934_1943,Kabul,11
1934_1943,del,9
1934_1943,Leipzig,12
1934_1943,laos,2
1934_1943,Leiden,3
1934_1943,hari,6
1934_1943,Hanoi,1
1934_1943,London,21
1934_1943,patna,1
1934_1943,Bangkok,4
1934_1943,Berlin,6
1934_1943,Boston,1
1934_1943,Sistan,6
1934_1943,Oxford,5
1934_1943,Heidelberg,1
1934_1943,Shanghai,1
1934_1943,Kyoto,1
1934_1943,Saint Petersburg,2
1934_1943,rome,1
1934_1943,Yangon,1
1934_1943,Kolkata,2
1934_1943,Phnom Penh,1
1934_1943,Ho Chi Minh City,1
1934_1943,Lahore,1
1934_1943,thangam,1
1934_1943,leiden,3
1934_1943,The Hague,2
1934_1943,Amsterdam,2
1934_1943,Dhaka,2
1934_1943,Stutterheim,2
1934_1943,Singaraja,1
1934_1943,Padang,1
1934_1943,Surakarta,1
1934_1943,amravati,5
1934_1943,Guntur,1
1934_1943,Jaggayyapeta,2
1934_1943,amaravati,1
1934_1943,babylonia,2
1934_1943,"Thebes, Greece",1
1934_1943,María Luisa Bombal,3
1934_1943,bali,1
1934_1943,Ramatha,2
1934_1943,Tusara,5
1934_1943,kuchak,2
1934_1943,kuchar,1
1934_1943,syama,2
1934_1943,jalandhar,1
1934_1943,Cantù,1
1934_1943,sindh,1
1934_1943,Indo people,4
1934_1943,ujjain,2
1934_1943,Kandahar,1
1934_1943,Pataliputra,4
1934_1943,Kannauj,2
1934_1943,guntur,1
1934_1943,karnataka,1
1934_1943,Angkor,1
1934_1943,Udayadityavarman II,5
1934_1943,voi,1
1934_1943,thatta,1
1934_1943,Lopburi,1
1934_1943,Huliyurdurga,1
1934_1943,prom,3
1934_1943,Jaipur,1
1934_1943,Navsari,1
1934_1943,Shantiniketan,1
1934_1943,Darbhanga,1
1934_1943,Chennai,1
1934_1943,Indonesia,5
1934_1943,india,151
1934_1943,china,44
1934_1943,ISBN,3
1934_1943,Cambodia,9
1934_1943,Thailand,5
1934_1943,Japan,2
1934_1943,Myanmar,17
1934_1943,Mongolia,2
1934_1943,Afghanistan,6
1934_1943,malaysia,4
1934_1943,Sri Lanka,4
1934_1943,afghanistan,1
1934_1943,France,1
1934_1943,cambodia,1
1934_1943,Singapore,1
1934_1943,Brussels,6
1934_1943,wales,1
1934_1943,Uttarakuru,5
1934_1943,Ethiopians,1
1934_1943,Neytal,1
1934_1943,plant,1
1934_1943,ISBN,8
1934_1943,Thailand,1
1934_1943,Sumatra,3
1934_1943,United Nations,1
1934_1943,Andhra Pradesh,3
1934_1943,Nirvana,7
1934_1943,Sravana Bhargavi,1
1934_1943,Bodh Gaya,2
1934_1943,canada,2
1934_1943,Kosala (Mahajanapada),1
1934_1943,South India,1
1934_1943,Jambudvīpa,1
1934_1943,Western India,1
1934_1943,Kekaya,1
1934_1943,Solid-state battery,1
1934_1943,gang,4
1934_1943,Sauron,1
1934_1943,Chao Phraya River,1
1934_1943,tibet,15
1934_1943,Serindia,2
1934_1943,Manchuria,2
1934_1943,oceania,1
1934_1943,Socotra,1
1934_1943,Fondukistan monastery,1
1934_1943,bacteria,5
1934_1943,Buddhahood,1
1934_1943,asia,3
1934_1943,island,1
1934_1943,Turkestan,5
1934_1943,Bezeklik Caves,1
1934_1943,bihar,1
1934_1943,Illinois,2
1934_1943,Khmer inscriptions,1
1934_1943,Myth,1
1934_1943,Java,1
1934_1943,Ajanta Caves,1
1934_1943,Makara,1
1934_1943,Barabar Caves,1
1934_1943,Rajputana,1
1934_1943,mekong,2
1934_1943,ramayana,1
1934_1943,Daradas,4
1934_1943,Kirata,1
1934_1943,Chinas,1
1934_1943,kalakla,1
1934_1943,Drangiana,3
1934_1943,Scythians,2
1934_1943,parthia,1
1934_1943,Margiana,1
1934_1943,Lough Neagh,1
1934_1943,Yehud Medinata,1
1934_1943,Gandhara,2
1934_1943,Yarkant County,1
1934_1943,Kathiawar,2
1934_1943,Parthian Empire,1
1934_1943,Badakhshan,2
1934_1943,Mihirakula,1
1934_1943,kolkata,1
1934_1943,Family tree of Khmer Varman monarchs,1
1934_1943,Bengal,10
1934_1943,North Bihar,1
1934_1943,Oddiyana,1
1934_1943,Gopala I,1
19382,kataba,1
19382,Zurich,5
19382,London,3
19382,Pithapuram,1
19382,Perić,5
19382,damila,1
19382,Kuldīga District,1
19382,Anuradhapura,4
19382,Berlin,4
19382,sihala,5
19382,polonnaruwa,1
19382,Lanka,1
19382,kamakura,1
19382,lusaka,1
19382,guwahati,1
19382,hurling,1
19382,kangal,3
19382,Palembang,7
19382,srisailam,1
19382,"Kurihara, Miyagi",1
19382,Malang,1
19382,San Francisco,2
19382,Cabuyao,2
19382,Kathmandu,1
19382,Pataliputra,1
19382,hari,2
19382,Kolkata,1
19382,Amsterdam,9
19382,mali,3
19382,Byzantine Empire,1
19382,María Luisa Bombal,1
19382,Paithan,1
19382,Sydney,1
19382,Melbourne,1
19382,Wellington,1
19382,Ho Chi Minh City,1
19382,Bangkok,1
19382,yogyakarta,1
19382,warsaw,1
19382,bavaria,1
19382,Bengaluru,1
19382,Brussels,4
19382,india,46
19382,china,16
19382,Japan,1
19382,Sri Lanka,30
19382,Vijayabahu I,1
19382,Germany,1
19382,Singapore,3
19382,Indonesia,3
19382,United Kingdom,1
19382,Cambodia,3
19382,Neytal,1
19382,Switzerland,2
19382,Afghanistan,2
19382,Australia,1
19382,New Zealand,1
19382,philippines,1
19382,Serindia,1
19382,Insulin,1
19382,Western India,1
19382,Bengal,5
19382,magadan,1
19382,Kerala,1
19382,Vithoba,3
19382,Sinhalese people,2
19382,bihar,1
19382,Nirvana,1
19382,South India,1
19382,katana,7
19382,Kedah,8
19382,Adara language,1
19382,somadeva,1
19382,japan,1
19382,Sumatra,2
19382,sanjaya,1
19382,British Empire,1
19382,Arabs,1
19382,Karlani,1
19382,Penang,1
19382,gang,1
19382,History of Raigad district,1
19382,Illinois,1
19382,Sumer,1
19382,Crete,1
19382,Māori people,1
19382,melanesia,1
19382,Java,1
19382,Dvaravati,1
19382,dvaravati,1
1946,Palembang,2
1946,madang,1
1946,"Hol, Norway",1
1946,Surakarta,2
1946,Borobudur,3
1946,Prambanan,3
1946,Leiden,2
1946,Mojokerto,1
1946,Amsterdam,2
1946,Leeuwarden,1
1946,Perić,1
1946,London,1
1946,Dresden,1
1946,Berlin,1
1946,Qadiriyya,3
1946,mali,7
1946,pasay,1
1946,delle,1
1946,Hanoi,1
1946,Madagascar,6
1946,Manchester,1
1946,South Sumatra,1
1946,kochi,1
1946,Kottayam,1
1946,Batang Hari River,1
1946,barus,2
1946,cambridge,1
1946,Leipzig,1
1946,kazan,1
1946,Hangzhou,1
1946,niamey,1
1946,María Luisa Bombal,1
1946,udaipur,1
1946,Tirupati,1
1946,india,30
1946,Netherlands,1
1946,china,4
1946,Cambodia,1
1946,Myanmar,2
1946,Japan,1
1946,Indonesia,4
1946,Papua New Guinea,2
1946,India,1
1946,philippines,2
1946,indonesia,1
1946,Egypt,3
1946,United States,1
1946,North American Cordillera,1
1946,Sri Lanka,1
1946,haiti,7
1946,Switzerland,1
1946,ISBN,1
1946,France,1
1946,Indonesia,1
1946,Michigan,2
1946,East Java,1
1946,bihar,9
1946,Ken Arok,2
1946,Málaga,1
1946,Sumatra,18
1946,Sheathbill,1
1946,William Shellabear,1
1946,Timor,1
1946,Asia,1
1946,mekong,1
1946,sumatra,1
1946,Bojonegoro Regency,1
1946,Toalean culture,1
1946,Sulawesi,1
1946,aaron,5
1946,Polynesia,1
1946,East Africa,1
1946,Sumbawa,1
1946,Mindanao,1
1946,South India,1
1946,South China,1
1946,Tarumanagara,1
1946,billion,1
1946,sumbawa,1
1946,Java,1
1946,Carl Gustaf Emil Mannerheim,1
1946,tibet,3
1946,Hexi Corridor,1
1946,hispania,1
1946,Bengal,1
1957,Perić,1
1957,London,1
1957,prom,1
1957,Lopburi,1
1957,Kanchipuram,2
1957,Stutterheim,4
1957,Maharaja,4
1957,amravati,1
1957,Palembang,12
1957,rangamati,1
1957,barus,3
1957,mali,10
1957,Madagascar,2
1957,palmyra,1
1957,"Thebes, Greece",1
1957,Ayam Kedu,1
1957,Sanaa,2
1957,Frankfurt,1
1957,thebaine,1
1957,Pejeng,1
1957,china,24
1957,Japan,2
1957,india,48
1957,Myanmar,4
1957,India,1
1957,Indonesia,2
1957,singing,1
1957,Sri Lanka,2
1957,Australia,1
1957,brunei,1
1957,cambodia,1
1957,Singapore,1
1957,Germany,1
1957,ISBN,1
1957,Serindia,1
1957,Malay Archipelago,1
1957,Sumatra,23
1957,Kerala,1
1957,kutai,3
1957,Bhagiratha,1
1957,bihar,2
1957,Java,2
1957,aaron,2
1957,Sulawesi,1
1957,Kedah,2
1957,Bengal,4
1957,Vasishtha dynasty,2
1957,kashmir,1
1957,Chi Tu,2
1957,Hindus,2
1957,South India,7
1957,prairie,1
1957,Central Java,1
1957,odisha,1
1957,Godavari River,1
1957,japan,1
1957,sumatra,2
1957,Málaga,2
1957,Kambojas,1
1957,billion,1
1957,nanjing,1
1935,Padma River,1
1935,madhyamaka,1
1935,Baghdad,1
1935,Saint Petersburg,1
1935,Palembang,9
1935,Krabi,2
1935,Batang Hari River,1
1935,Jambi,2
1935,South Sumatra,1
1935,Digha,1
1935,Tokyo,3
1935,Urination,4
1935,thangam,2
1935,Borobudur,2
1935,Stutterheim,5
1935,sivrice,1
1935,Roman Empire,1
1935,Jaipur,1
1935,amravati,8
1935,London,9
1935,Lingaraja Temple,1
1935,Kolkata,1
1935,Pinara,1
1935,prom,1
1935,warmia,1
1935,Ho Chi Minh City,1
1935,taniyama,3
1935,Nirmand,1
1935,Kanchipuram,1
1935,rome,1
1935,trashigang,2
1935,Bogotá,1
1935,sangra,1
1935,danapur,1
1935,mali,2
1935,Vadodara,1
1935,Berlin,4
1935,hari,7
1935,yogyakarta,3
1935,home,6
1935,Mumbai,1
1935,Munich,2
1935,aversa,1
1935,Lanka,5
1935,mhow,2
1935,kurunegala,1
1935,polonnaruwa,1
1935,Anuradhapura,1
1935,Capital of Sri Lanka,2
1935,galboda,1
1935,"Mahuva, Bhavnagar",1
1935,paris,1
1935,amaravati,3
1935,Leipzig,1
1935,Bangkok,1
1935,Mathura,3
1935,Buddhapad Hoard,1
1935,Perić,4
1935,khai,1
1935,Mojokerto,1
1935,introd,1
1935,War,1
1935,haditha,1
1935,Kediri kingdom,2
1935,Lebanon,1
1935,anyang,1
1935,ndala,1
1935,pagoh,1
1935,"Thebes, Greece",1
1935,Pangeran Ratu Winata Kusuma of Sambas,2
1935,Darjeeling,1
1935,Utrecht,1
1935,Athens,2
1935,car,2
1935,Amsterdam,3
1935,village,1
1935,María Luisa Bombal,1
1935,india,50
1935,china,30
1935,Sri Lanka,7
1935,Thailand,4
1935,United Kingdom,1
1935,Indonesia,8
1935,Cambodia,6
1935,ISBN,1
1935,chile,1
1935,Myanmar,2
1935,uganda,1
1935,Netherlands,1
1935,italy,3
1935,namibia,1
1935,Neytal,3
1935,Vijayabahu I,1
1935,Manavanna of Anuradhapura,4
1935,iran,1
1935,cambodia,1
1935,First Indochina War,1
1935,tonga,1
1935,Soviet Union,1
1935,France,2
1935,Japan,2
1935,FIFA,1
1935,green,1
1935,Indonesia,1
1935,ISBN,1
1935,tibet,20
1935,Nirvana,2
1935,Srivijaya,8
1935,Málaga,1
1935,Kelantan,1
1935,Sumatra,9
1935,List of places in Hong Kong,1
1935,Kedah,1
1935,sumer,3
1935,Barabar Caves,1
1935,bihar,1
1935,makar,3
1935,Ajanta Caves,3
1935,odisha,3
1935,Odisha,1
1935,Makara,1
1935,polynesia,1
1935,Java,4
1935,Pararaton,1
1935,fang,3
1935,ball,2
1935,Nederland 24,1
1935,tanjong,1
1935,Perak,3
1935,Bengal,7
1935,Mahendravarman I,1
1935,Sulawesi,4
1935,Donggala Regency,1
1935,Tsaparang,2
1935,Padmaavat,2
1935,Gandhara,3
1935,nanjing,1
1935,ikshvaku,1
1935,thor,1
1935,List of Sri Lankan monarchs,1
1935,Bodh Gaya,1
1935,Vithoba,2
1935,Hittites,1
1935,Buddhahood,2
1935,Osten,1
1935,Territories of Majapahit,1
1935,kerala,4
1935,New Älvsborg,1
1935,utah,1
1935,sarangani,1
1935,"Sarukhan, Bey of Magnesia",1
1935,Portages of New Zealand,1
1935,wadi,1
1935,lydia,1
1935,Holland,1
1935,Malay Archipelago,1
1935,Serindia,1
1935,brooklyn,1
1935,salinan,1
1935,South India,1
1936longer,Kabul,12
1936longer,"Albuquerque, New Mexico",1
1936longer,Perić,24
1936longer,Athens,1
1936longer,Shantiniketan,1
1936longer,Tokyo,5
1936longer,Kyoto,1
1936longer,mali,39
1936longer,London,8
1936longer,leiden,3
1936longer,St. Louis,1
1936longer,Leipzig,3
1936longer,Nagod,1
1936longer,Dhaka,1
1936longer,Berlin,5
1936longer,"St. Petersburg, Florida",1
1936longer,thrissur,1
1936longer,karaikal,3
1936longer,kravica,1
1936longer,Palembang,10
1936longer,amravati,6
1936longer,Bhagalpur,1
1936longer,Mathura,2
1936longer,Kurkihar hoard,1
1936longer,Bezwada Wilson,1
1936longer,kaluga,1
1936longer,anuradhapura,2
1936longer,polonnaruwa,8
1936longer,Lanka,6
1936longer,Anuradhapura,6
1936longer,Stutterheim,2
1936longer,Leiden,3
1936longer,Indraprastha,1
1936longer,Sadras,1
1936longer,austria,1
1936longer,turin,1
1936longer,Manipur,1
1936longer,laos,2
1936longer,Madagascar,6
1936longer,mahajanga,1
1936longer,Paccha,1
1936longer,Thanjavur,2
1936longer,The Hague,5
1936longer,prambanan,2
1936longer,Padang,1
1936longer,Kumbakonam,1
1936longer,taranto,1
1936longer,Singaraja,1
1936longer,mojokerto,1
1936longer,hari,4
1936longer,bavaria,3
1936longer,yogyakarta,2
1936longer,Prayagraj,1
1936longer,colombia,1
1936longer,Saint Petersburg,7
1936longer,Kurunegala,3
1936longer,Capital of Sri Lanka,4
1936longer,Yogyakarta,1
1936longer,sihala,2
1936longer,Amsterdam,2
1936longer,Oxford,1
1936longer,bamford,1
1936longer,Borobudur,3
1936longer,Malayagiri,1
1936longer,papanasam,1
1936longer,"Kurihara, Miyagi",1
1936longer,cambridge,2
1936longer,María Luisa Bombal,2
1936longer,nashik,2
1936longer,Introd,1
1936longer,Utrecht,2
1936longer,Heidelberg,2
1936longer,tabanus,1
1936longer,Bengaluru,1
1936longer,Cambodia,8
1936longer,india,158
1936longer,china,10
1936longer,Japan,17
1936longer,France,9
1936longer,Germany,2
1936longer,ISBN,1
1936longer,Colony,1
1936longer,Neytal,10
1936longer,State of Palestine,1
1936longer,Afghanistan,3
1936longer,United Kingdom,1
1936longer,nepal,1
1936longer,Myanmar,10
1936longer,Thailand,2
1936longer,Indonesia,14
1936longer,Sri Lanka,16
1936longer,indonesia,1
1936longer,Australia,2
1936longer,Trilinga Kshetras,1
1936longer,malaysia,7
1936longer,maldives,1
1936longer,italy,1
1936longer,Ethiopians,1
1936longer,Manavanna of Anuradhapura,3
1936longer,cambodia,2
1936longer,green,1
1936longer,surname,2
1936longer,Netherlands,1
1936longer,Mongolia,1
1936longer,England,2
1936longer,United States,2
1936longer,Soviet Union,1
1936longer,Singapore,1
1936longer,ISBN,1
1936longer,Indonesia,1
1936longer,Sumatra,10
1936longer,timor,1
1936longer,jon,1
1936longer,ormus,2
1936longer,Socotra,1
1936longer,turkestan,1
1936longer,Turkestan,1
1936longer,Bhumara Temple,4
1936longer,Illinois,2
1936longer,Kawau Island,1
1936longer,Bahnar people,1
1936longer,Srivijaya,4
1936longer,bihar,2
1936longer,Kalinga (Mahabharata),1
1936longer,gang,5
1936longer,South India,1
1936longer,rameswaram,1
1936longer,odisha,2
1936longer,kansas,1
1936longer,Shakuni,5
1936longer,Jayadratha,1
1936longer,1993 Long Island Rail Road shooting,1
1936longer,Mount Gandhamadana,1
1936longer,thessaly,1
1936longer,Agraharam,1
1936longer,Dvaravati,1
1936longer,Munda languages,1
1936longer,New Guinea,1
1936longer,Polynesia,1
1936longer,Utkala Brahmin,1
1936longer,Ficus racemosa,2
1936longer,Bengal,10
1936longer,Satavahana dynasty,1
1936longer,malavas,4
1936longer,Rajputana,1
1936longer,Kingdom of Amber,1
1936longer,ramadan,1
1936longer,Málaga,1
1936longer,asia,1
1936longer,Nederland 24,1
1936longer,japan,1
1936longer,fang,1
1936longer,canada,7
1936longer,tibet,2
1936longer,North Central Bengali dialect,1
1936longer,sumatra,1
1936longer,punta,1
1936longer,Temptation Island India,1
1936longer,Warmadewa dynasty,1
1936longer,"Jawad, India",1
1936longer,Malay Archipelago,1
1936longer,macedo,1
1936longer,Mount Meru,2
1936longer,Holland,3
1936longer,Gujarat,1
1936longer,Utpala (astronomer),1
1936longer,Kaveri,1
1936longer,Great Britain,1
1936longer,Nirvana,1
1936longer,Ta Keo,1
1936longer,Java,1
19392,London,4
19392,Perić,3
19392,digha,1
19392,vijayanagara,2
19392,Turino Vanni,2
19392,polonnaruwa,1
19392,Anuradhapura,5
19392,Capital of Sri Lanka,5
19392,anuradhapura,1
19392,Vijitapura,2
19392,Nandanavana,2
19392,thatta,15
19392,prom,11
19392,Yangon,1
19392,laos,2
19392,Mottama,1
19392,Vyadhapura,1
19392,Lanka,1
19392,Borobudur,6
19392,sukhumi,1
19392,warangal,1
19392,Sragen Regency,1
19392,thangam,1
19392,bavaria,1
19392,Leiden,1
19392,Kyoto,1
19392,mali,5
19392,amravati,2
19392,Prambanan,5
19392,Tulungagung Regency,1
19392,tegal,1
19392,Palembang,1
19392,Thiruvananthapuram,1
19392,Vijayaraghava Perumal temple,1
19392,Stutterheim,1
19392,matanzas,1
19392,María Luisa Bombal,2
19392,Amsterdam,2
19392,praise,1
19392,yogyakarta,1
19392,Guwahati,1
19392,ranch,1
19392,Berlin,1
19392,kraków,1
19392,Myanmar,49
19392,Netherlands,10
19392,india,40
19392,china,8
19392,Japan,3
19392,Sri Lanka,9
19392,myanmar,1
19392,Cambodia,10
19392,Lower Myanmar,1
19392,Cunningham,1
19392,Switzerland,1
19392,Hungary,1
19392,Neytal,1
19392,England,3
19392,philippines,1
19392,Australia,1
19392,Singapore,2
19392,malaysia,2
19392,Afghanistan,1
19392,Mihintale,1
19392,magadan,2
19392,Utkala Brahmin,1
19392,Godavari River,1
19392,Kaveri,1
19392,Kambojas,1
19392,Jambudvīpa,2
19392,Aparanta,1
19392,Mataram kingdom,4
19392,Nederland 24,1
19392,Syrians,1
19392,Sumer,3
19392,Delta Draconis,1
19392,Arabs,1
19392,mekong,3
19392,Mahendravarman I,2
19392,New Guinea,1
19392,Málaga,1
19392,British Empire,1
19392,Holland,3
19392,tibet,1
19392,Bengal,1
19392,Sumatra,2
19392,Bunong people,1
19392,Sulawesi,2
19392,South India,1
19392,Java,1
19392,Gandhara,1
19392,malavas,1
19392,japan,1
1943,Kushinagar,1
1943,Shravasti,1
1943,Roman Empire,3
1943,Kashgar,1
1943,Baghdad,2
1943,Dhaka,3
1943,samantha,1
1943,Byzantine Empire,1
1943,satya,1
1943,Sukhothai Kingdom,10
1943,cambridge,7
1943,Borobudur,2
1943,Prambanan,1
1943,Palembang,1
1943,Tokyo,12
1943,Perić,58
1943,Kunduz,1
1943,Kabul,12
1943,del,9
1943,Boston,2
1943,Leipzig,11
1943,Vadodara,1
1943,laos,2
1943,Zeist,1
1943,mali,5
1943,Leiden,3
1943,hari,7
1943,Hanoi,1
1943,leiden,4
1943,London,23
1943,patna,1
1943,Bangkok,4
1943,Berlin,6
1943,Sistan,6
1943,Oxford,5
1943,Heidelberg,2
1943,Shanghai,1
1943,Kyoto,1
1943,Saint Petersburg,2
1943,rome,1
1943,copenhagen,1
1943,Yangon,1
1943,Kolkata,3
1943,strasbourg,1
1943,Ho Chi Minh City,1
1943,Lahore,1
1943,The Hague,3
1943,Amsterdam,2
1943,Stutterheim,3
1943,Singaraja,1
1943,Padang,1
1943,Surakarta,1
1943,amravati,4
1943,Guntur,1
1943,Jaggayyapeta,2
1943,babylonia,2
1943,"Thebes, Greece",1
1943,María Luisa Bombal,3
1943,Aligarh,1
1943,Ramatha,2
1943,parumala,1
1943,Tusara,2
1943,kuchak,2
1943,kuchar,1
1943,syama,2
1943,jalandhar,1
1943,Masaka,1
1943,Cantù,1
1943,sindh,1
1943,Indo people,4
1943,ujjain,2
1943,Kandahar,1
1943,guyana,1
1943,Pataliputra,4
1943,Kannauj,2
1943,guntur,1
1943,karnataka,1
1943,Angkor,1
1943,Udayadityavarman II,5
1943,thatta,1
1943,Lopburi,1
1943,Huliyurdurga,1
1943,prom,3
1943,Jaipur,1
1943,Navsari,1
1943,Shantiniketan,1
1943,Darbhanga,1
1943,Hyderabad,1
1943,china,51
1943,india,156
1943,ISBN,4
1943,palau,1
1943,Cambodia,9
1943,Thailand,5
1943,Japan,3
1943,Myanmar,18
1943,Mongolia,2
1943,Indonesia,3
1943,Afghanistan,10
1943,malaysia,4
1943,Sri Lanka,4
1943,France,1
1943,cambodia,1
1943,Singapore,1
1943,Brussels,6
1943,Uttarakuru,5
1943,Ethiopians,1
1943,Neytal,1
1943,plant,1
1943,ISBN,8
1943,Illinois,3
1943,Nirvana,6
1943,Sravana Bhargavi,1
1943,Bodh Gaya,2
1943,canada,2
1943,South India,1
1943,Jambudvīpa,1
1943,Western India,1
1943,Kekaya,1
1943,Solid-state battery,1
1943,gang,4
1943,sutra,1
1943,Pha Mueang,1
1943,Chao Phraya River,1
1943,tibet,15
1943,Serindia,3
1943,Manchuria,2
1943,oceania,1
1943,Socotra,1
1943,Fondukistan monastery,1
1943,Sulawesi,1
1943,bacteria,5
1943,Sumatra,1
1943,asia,3
1943,island,1
1943,Turkestan,4
1943,Bezeklik Caves,1
1943,bihar,1
1943,Myth,1
1943,Java,1
1943,Ajanta Caves,1
1943,Makara,1
1943,Barabar Caves,1
1943,Rajputana,1
1943,Malay Archipelago,1
1943,mekong,2
1943,ramayana,1
1943,Babli project,1
1943,Daradas,4
1943,Kirata,1
1943,Chinas,1
1943,kalakla,1
1943,Drangiana,3
1943,Scythians,2
1943,parthia,1
1943,Margiana,1
1943,Gandhara,3
1943,Yehud Medinata,1
1943,Shakdvipa,1
1943,Nelson Mandela,1
1943,Yarkant County,1
1943,Kathiawar,2
1943,Parthian Empire,1
1943,Oddiyana,2
1943,Badakhshan,2
1943,Mihirakula,1
1943,kolkata,1
1943,Bengal,11
1943,Andhra Pradesh,2
1943,japan,1
